PK_R1, fname_R1, user_R1, orientation_R1, expression_R1, eye_R1, url_R1,PK_R2, fname_R2, user_R2, orientation_R2, expression_R2, eye_R2, url_R2,PK_R3, fname_R3, user_R3, orientation_R3, expression_R3, eye_R3, url_R3,PK_R4, fname_R4, user_R4, orientation_R4, expression_R4, eye_R4, url_R4
1, /tmp/faces-sep-jpg/karyadi/karyadi_left_sad_sunglasses.jpg, karyadi, left, sad, sunglasses, http://vise4.csail.mit.edu/p4/1.jpg,2, /tmp/faces-sep-jpg/karyadi/karyadi_left_angry_sunglasses.jpg, karyadi, left, angry, sunglasses, http://vise4.csail.mit.edu/p4/2.jpg,3, /tmp/faces-sep-jpg/karyadi/karyadi_left_neutral_sunglasses.jpg, karyadi, left, neutral, sunglasses, http://vise4.csail.mit.edu/p4/3.jpg,4, /tmp/faces-sep-jpg/karyadi/karyadi_left_happy_sunglasses.jpg, karyadi, left, happy, sunglasses, http://vise4.csail.mit.edu/p4/4.jpg
5, /tmp/faces-sep-jpg/boland/boland_straight_happy_sunglasses.jpg, boland, straight, happy, sunglasses, http://vise4.csail.mit.edu/p4/5.jpg,6, /tmp/faces-sep-jpg/boland/boland_straight_angry_sunglasses.jpg, boland, straight, angry, sunglasses, http://vise4.csail.mit.edu/p4/6.jpg,7, /tmp/faces-sep-jpg/boland/boland_straight_neutral_sunglasses.jpg, boland, straight, neutral, sunglasses, http://vise4.csail.mit.edu/p4/7.jpg,8, /tmp/faces-sep-jpg/boland/boland_straight_sad_sunglasses.jpg, boland, straight, sad, sunglasses, http://vise4.csail.mit.edu/p4/8.jpg
9, /tmp/faces-sep-jpg/steffi/steffi_up_happy_sunglasses.jpg, steffi, up, happy, sunglasses, http://vise4.csail.mit.edu/p4/9.jpg,10, /tmp/faces-sep-jpg/steffi/steffi_up_neutral_sunglasses.jpg, steffi, up, neutral, sunglasses, http://vise4.csail.mit.edu/p4/10.jpg,11, /tmp/faces-sep-jpg/steffi/steffi_up_angry_sunglasses.jpg, steffi, up, angry, sunglasses, http://vise4.csail.mit.edu/p4/11.jpg,12, /tmp/faces-sep-jpg/steffi/steffi_up_sad_sunglasses.jpg, steffi, up, sad, sunglasses, http://vise4.csail.mit.edu/p4/12.jpg
13, /tmp/faces-sep-jpg/an2i/an2i_straight_angry_open.jpg, an2i, straight, angry, open, http://vise4.csail.mit.edu/p4/13.jpg,14, /tmp/faces-sep-jpg/an2i/an2i_straight_happy_open.jpg, an2i, straight, happy, open, http://vise4.csail.mit.edu/p4/14.jpg,15, /tmp/faces-sep-jpg/an2i/an2i_straight_neutral_open.jpg, an2i, straight, neutral, open, http://vise4.csail.mit.edu/p4/15.jpg,16, /tmp/faces-sep-jpg/an2i/an2i_straight_sad_open.jpg, an2i, straight, sad, open, http://vise4.csail.mit.edu/p4/16.jpg
17, /tmp/faces-sep-jpg/phoebe/phoebe_up_angry_sunglasses.jpg, phoebe, up, angry, sunglasses, http://vise4.csail.mit.edu/p4/17.jpg,18, /tmp/faces-sep-jpg/phoebe/phoebe_up_happy_sunglasses.jpg, phoebe, up, happy, sunglasses, http://vise4.csail.mit.edu/p4/18.jpg,19, /tmp/faces-sep-jpg/phoebe/phoebe_up_neutral_sunglasses.jpg, phoebe, up, neutral, sunglasses, http://vise4.csail.mit.edu/p4/19.jpg,20, /tmp/faces-sep-jpg/phoebe/phoebe_up_sad_sunglasses.jpg, phoebe, up, sad, sunglasses, http://vise4.csail.mit.edu/p4/20.jpg
21, /tmp/faces-sep-jpg/glickman/glickman_up_angry_sunglasses.jpg, glickman, up, angry, sunglasses, http://vise4.csail.mit.edu/p4/21.jpg,22, /tmp/faces-sep-jpg/glickman/glickman_up_neutral_sunglasses.jpg, glickman, up, neutral, sunglasses, http://vise4.csail.mit.edu/p4/22.jpg,23, /tmp/faces-sep-jpg/glickman/glickman_up_happy_sunglasses.jpg, glickman, up, happy, sunglasses, http://vise4.csail.mit.edu/p4/23.jpg,24, /tmp/faces-sep-jpg/glickman/glickman_up_sad_sunglasses.jpg, glickman, up, sad, sunglasses, http://vise4.csail.mit.edu/p4/24.jpg
25, /tmp/faces-sep-jpg/boland/boland_right_happy_open.jpg, boland, right, happy, open, http://vise4.csail.mit.edu/p4/25.jpg,26, /tmp/faces-sep-jpg/boland/boland_right_neutral_open.jpg, boland, right, neutral, open, http://vise4.csail.mit.edu/p4/26.jpg,27, /tmp/faces-sep-jpg/boland/boland_right_sad_open.jpg, boland, right, sad, open, http://vise4.csail.mit.edu/p4/27.jpg,28, /tmp/faces-sep-jpg/boland/boland_right_angry_open.jpg, boland, right, angry, open, http://vise4.csail.mit.edu/p4/28.jpg
29, /tmp/faces-sep-jpg/glickman/glickman_left_sad_open.jpg, glickman, left, sad, open, http://vise4.csail.mit.edu/p4/29.jpg,30, /tmp/faces-sep-jpg/glickman/glickman_left_happy_open.jpg, glickman, left, happy, open, http://vise4.csail.mit.edu/p4/30.jpg,31, /tmp/faces-sep-jpg/glickman/glickman_left_neutral_open.jpg, glickman, left, neutral, open, http://vise4.csail.mit.edu/p4/31.jpg,32, /tmp/faces-sep-jpg/glickman/glickman_left_angry_open.jpg, glickman, left, angry, open, http://vise4.csail.mit.edu/p4/32.jpg
33, /tmp/faces-sep-jpg/kawamura/kawamura_right_angry_sunglasses.jpg, kawamura, right, angry, sunglasses, http://vise4.csail.mit.edu/p4/33.jpg,34, /tmp/faces-sep-jpg/kawamura/kawamura_right_happy_sunglasses.jpg, kawamura, right, happy, sunglasses, http://vise4.csail.mit.edu/p4/34.jpg,35, /tmp/faces-sep-jpg/kawamura/kawamura_right_sad_sunglasses.jpg, kawamura, right, sad, sunglasses, http://vise4.csail.mit.edu/p4/35.jpg,36, /tmp/faces-sep-jpg/kawamura/kawamura_right_neutral_sunglasses.jpg, kawamura, right, neutral, sunglasses, http://vise4.csail.mit.edu/p4/36.jpg
37, /tmp/faces-sep-jpg/steffi/steffi_straight_sad_open.jpg, steffi, straight, sad, open, http://vise4.csail.mit.edu/p4/37.jpg,38, /tmp/faces-sep-jpg/steffi/steffi_straight_happy_open.jpg, steffi, straight, happy, open, http://vise4.csail.mit.edu/p4/38.jpg,39, /tmp/faces-sep-jpg/steffi/steffi_straight_angry_open.jpg, steffi, straight, angry, open, http://vise4.csail.mit.edu/p4/39.jpg,40, /tmp/faces-sep-jpg/steffi/steffi_straight_neutral_open.jpg, steffi, straight, neutral, open, http://vise4.csail.mit.edu/p4/40.jpg
41, /tmp/faces-sep-jpg/kk49/kk49_right_sad_open.jpg, kk49, right, sad, open, http://vise4.csail.mit.edu/p4/41.jpg,42, /tmp/faces-sep-jpg/kk49/kk49_right_happy_open.jpg, kk49, right, happy, open, http://vise4.csail.mit.edu/p4/42.jpg,43, /tmp/faces-sep-jpg/kk49/kk49_right_angry_open.jpg, kk49, right, angry, open, http://vise4.csail.mit.edu/p4/43.jpg,44, /tmp/faces-sep-jpg/kk49/kk49_right_neutral_open.jpg, kk49, right, neutral, open, http://vise4.csail.mit.edu/p4/44.jpg
45, /tmp/faces-sep-jpg/kk49/kk49_up_neutral_open.jpg, kk49, up, neutral, open, http://vise4.csail.mit.edu/p4/45.jpg,46, /tmp/faces-sep-jpg/kk49/kk49_up_sad_open.jpg, kk49, up, sad, open, http://vise4.csail.mit.edu/p4/46.jpg,47, /tmp/faces-sep-jpg/kk49/kk49_up_angry_open.jpg, kk49, up, angry, open, http://vise4.csail.mit.edu/p4/47.jpg,48, /tmp/faces-sep-jpg/kk49/kk49_up_happy_open.jpg, kk49, up, happy, open, http://vise4.csail.mit.edu/p4/48.jpg
49, /tmp/faces-sep-jpg/saavik/saavik_right_happy_open.jpg, saavik, right, happy, open, http://vise4.csail.mit.edu/p4/49.jpg,50, /tmp/faces-sep-jpg/saavik/saavik_right_neutral_open.jpg, saavik, right, neutral, open, http://vise4.csail.mit.edu/p4/50.jpg,51, /tmp/faces-sep-jpg/saavik/saavik_right_sad_open.jpg, saavik, right, sad, open, http://vise4.csail.mit.edu/p4/51.jpg,52, /tmp/faces-sep-jpg/saavik/saavik_right_angry_open.jpg, saavik, right, angry, open, http://vise4.csail.mit.edu/p4/52.jpg
53, /tmp/faces-sep-jpg/saavik/saavik_left_neutral_sunglasses.jpg, saavik, left, neutral, sunglasses, http://vise4.csail.mit.edu/p4/53.jpg,54, /tmp/faces-sep-jpg/saavik/saavik_left_angry_sunglasses.jpg, saavik, left, angry, sunglasses, http://vise4.csail.mit.edu/p4/54.jpg,55, /tmp/faces-sep-jpg/saavik/saavik_left_happy_sunglasses.jpg, saavik, left, happy, sunglasses, http://vise4.csail.mit.edu/p4/55.jpg,56, /tmp/faces-sep-jpg/saavik/saavik_left_sad_sunglasses.jpg, saavik, left, sad, sunglasses, http://vise4.csail.mit.edu/p4/56.jpg
57, /tmp/faces-sep-jpg/bpm/bpm_right_happy_open.jpg, bpm, right, happy, open, http://vise4.csail.mit.edu/p4/57.jpg,58, /tmp/faces-sep-jpg/bpm/bpm_right_sad_open.jpg, bpm, right, sad, open, http://vise4.csail.mit.edu/p4/58.jpg,59, /tmp/faces-sep-jpg/bpm/bpm_right_angry_open.jpg, bpm, right, angry, open, http://vise4.csail.mit.edu/p4/59.jpg,60, /tmp/faces-sep-jpg/bpm/bpm_right_neutral_open.jpg, bpm, right, neutral, open, http://vise4.csail.mit.edu/p4/60.jpg
61, /tmp/faces-sep-jpg/saavik/saavik_left_sad_open.jpg, saavik, left, sad, open, http://vise4.csail.mit.edu/p4/61.jpg,62, /tmp/faces-sep-jpg/saavik/saavik_left_happy_open.jpg, saavik, left, happy, open, http://vise4.csail.mit.edu/p4/62.jpg,63, /tmp/faces-sep-jpg/saavik/saavik_left_angry_open.jpg, saavik, left, angry, open, http://vise4.csail.mit.edu/p4/63.jpg,64, /tmp/faces-sep-jpg/saavik/saavik_left_neutral_open.jpg, saavik, left, neutral, open, http://vise4.csail.mit.edu/p4/64.jpg
65, /tmp/faces-sep-jpg/megak/megak_left_sad_open.jpg, megak, left, sad, open, http://vise4.csail.mit.edu/p4/65.jpg,66, /tmp/faces-sep-jpg/megak/megak_left_happy_open.jpg, megak, left, happy, open, http://vise4.csail.mit.edu/p4/66.jpg,67, /tmp/faces-sep-jpg/megak/megak_left_angry_open.jpg, megak, left, angry, open, http://vise4.csail.mit.edu/p4/67.jpg,68, /tmp/faces-sep-jpg/megak/megak_left_neutral_open.jpg, megak, left, neutral, open, http://vise4.csail.mit.edu/p4/68.jpg
69, /tmp/faces-sep-jpg/tammo/tammo_up_sad_sunglasses.jpg, tammo, up, sad, sunglasses, http://vise4.csail.mit.edu/p4/69.jpg,70, /tmp/faces-sep-jpg/tammo/tammo_up_neutral_sunglasses.jpg, tammo, up, neutral, sunglasses, http://vise4.csail.mit.edu/p4/70.jpg,71, /tmp/faces-sep-jpg/tammo/tammo_up_happy_sunglasses.jpg, tammo, up, happy, sunglasses, http://vise4.csail.mit.edu/p4/71.jpg,72, /tmp/faces-sep-jpg/tammo/tammo_up_angry_sunglasses.jpg, tammo, up, angry, sunglasses, http://vise4.csail.mit.edu/p4/72.jpg
73, /tmp/faces-sep-jpg/night/night_straight_angry_open.jpg, night, straight, angry, open, http://vise4.csail.mit.edu/p4/73.jpg,74, /tmp/faces-sep-jpg/night/night_straight_neutral_open.jpg, night, straight, neutral, open, http://vise4.csail.mit.edu/p4/74.jpg,75, /tmp/faces-sep-jpg/night/night_straight_sad_open.jpg, night, straight, sad, open, http://vise4.csail.mit.edu/p4/75.jpg,76, /tmp/faces-sep-jpg/night/night_straight_happy_open.jpg, night, straight, happy, open, http://vise4.csail.mit.edu/p4/76.jpg
77, /tmp/faces-sep-jpg/night/night_left_sad_sunglasses.jpg, night, left, sad, sunglasses, http://vise4.csail.mit.edu/p4/77.jpg,78, /tmp/faces-sep-jpg/night/night_left_angry_sunglasses.jpg, night, left, angry, sunglasses, http://vise4.csail.mit.edu/p4/78.jpg,79, /tmp/faces-sep-jpg/night/night_left_neutral_sunglasses.jpg, night, left, neutral, sunglasses, http://vise4.csail.mit.edu/p4/79.jpg,80, /tmp/faces-sep-jpg/night/night_left_happy_sunglasses.jpg, night, left, happy, sunglasses, http://vise4.csail.mit.edu/p4/80.jpg
81, /tmp/faces-sep-jpg/mitchell/mitchell_left_happy_sunglasses.jpg, mitchell, left, happy, sunglasses, http://vise4.csail.mit.edu/p4/81.jpg,82, /tmp/faces-sep-jpg/mitchell/mitchell_left_angry_sunglasses.jpg, mitchell, left, angry, sunglasses, http://vise4.csail.mit.edu/p4/82.jpg,83, /tmp/faces-sep-jpg/mitchell/mitchell_left_sad_sunglasses.jpg, mitchell, left, sad, sunglasses, http://vise4.csail.mit.edu/p4/83.jpg,84, /tmp/faces-sep-jpg/mitchell/mitchell_left_neutral_sunglasses.jpg, mitchell, left, neutral, sunglasses, http://vise4.csail.mit.edu/p4/84.jpg
85, /tmp/faces-sep-jpg/an2i/an2i_up_happy_open.jpg, an2i, up, happy, open, http://vise4.csail.mit.edu/p4/85.jpg,86, /tmp/faces-sep-jpg/an2i/an2i_up_angry_open.jpg, an2i, up, angry, open, http://vise4.csail.mit.edu/p4/86.jpg,87, /tmp/faces-sep-jpg/an2i/an2i_up_neutral_open.jpg, an2i, up, neutral, open, http://vise4.csail.mit.edu/p4/87.jpg,88, /tmp/faces-sep-jpg/an2i/an2i_up_sad_open.jpg, an2i, up, sad, open, http://vise4.csail.mit.edu/p4/88.jpg
89, /tmp/faces-sep-jpg/bpm/bpm_straight_neutral_open.jpg, bpm, straight, neutral, open, http://vise4.csail.mit.edu/p4/89.jpg,90, /tmp/faces-sep-jpg/bpm/bpm_straight_sad_open.jpg, bpm, straight, sad, open, http://vise4.csail.mit.edu/p4/90.jpg,91, /tmp/faces-sep-jpg/bpm/bpm_straight_angry_open.jpg, bpm, straight, angry, open, http://vise4.csail.mit.edu/p4/91.jpg,92, /tmp/faces-sep-jpg/bpm/bpm_straight_happy_open.jpg, bpm, straight, happy, open, http://vise4.csail.mit.edu/p4/92.jpg
93, /tmp/faces-sep-jpg/megak/megak_right_happy_open.jpg, megak, right, happy, open, http://vise4.csail.mit.edu/p4/93.jpg,94, /tmp/faces-sep-jpg/megak/megak_right_angry_open.jpg, megak, right, angry, open, http://vise4.csail.mit.edu/p4/94.jpg,95, /tmp/faces-sep-jpg/megak/megak_right_neutral_open.jpg, megak, right, neutral, open, http://vise4.csail.mit.edu/p4/95.jpg,96, /tmp/faces-sep-jpg/megak/megak_right_sad_open.jpg, megak, right, sad, open, http://vise4.csail.mit.edu/p4/96.jpg
97, /tmp/faces-sep-jpg/megak/megak_straight_angry_open.jpg, megak, straight, angry, open, http://vise4.csail.mit.edu/p4/97.jpg,98, /tmp/faces-sep-jpg/megak/megak_straight_happy_open.jpg, megak, straight, happy, open, http://vise4.csail.mit.edu/p4/98.jpg,99, /tmp/faces-sep-jpg/megak/megak_straight_sad_open.jpg, megak, straight, sad, open, http://vise4.csail.mit.edu/p4/99.jpg,100, /tmp/faces-sep-jpg/megak/megak_straight_neutral_open.jpg, megak, straight, neutral, open, http://vise4.csail.mit.edu/p4/100.jpg
101, /tmp/faces-sep-jpg/night/night_up_sad_sunglasses.jpg, night, up, sad, sunglasses, http://vise4.csail.mit.edu/p4/101.jpg,102, /tmp/faces-sep-jpg/night/night_up_angry_sunglasses.jpg, night, up, angry, sunglasses, http://vise4.csail.mit.edu/p4/102.jpg,103, /tmp/faces-sep-jpg/night/night_up_neutral_sunglasses.jpg, night, up, neutral, sunglasses, http://vise4.csail.mit.edu/p4/103.jpg,104, /tmp/faces-sep-jpg/night/night_up_happy_sunglasses.jpg, night, up, happy, sunglasses, http://vise4.csail.mit.edu/p4/104.jpg
105, /tmp/faces-sep-jpg/sz24/sz24_right_angry_sunglasses.jpg, sz24, right, angry, sunglasses, http://vise4.csail.mit.edu/p4/105.jpg,106, /tmp/faces-sep-jpg/sz24/sz24_right_happy_sunglasses.jpg, sz24, right, happy, sunglasses, http://vise4.csail.mit.edu/p4/106.jpg,107, /tmp/faces-sep-jpg/sz24/sz24_right_neutral_sunglasses.jpg, sz24, right, neutral, sunglasses, http://vise4.csail.mit.edu/p4/107.jpg,108, /tmp/faces-sep-jpg/sz24/sz24_right_sad_sunglasses.jpg, sz24, right, sad, sunglasses, http://vise4.csail.mit.edu/p4/108.jpg
109, /tmp/faces-sep-jpg/choon/choon_straight_sad_sunglasses.jpg, choon, straight, sad, sunglasses, http://vise4.csail.mit.edu/p4/109.jpg,110, /tmp/faces-sep-jpg/choon/choon_straight_happy_sunglasses.jpg, choon, straight, happy, sunglasses, http://vise4.csail.mit.edu/p4/110.jpg,111, /tmp/faces-sep-jpg/choon/choon_straight_neutral_sunglasses.jpg, choon, straight, neutral, sunglasses, http://vise4.csail.mit.edu/p4/111.jpg,112, /tmp/faces-sep-jpg/choon/choon_straight_angry_sunglasses.jpg, choon, straight, angry, sunglasses, http://vise4.csail.mit.edu/p4/112.jpg
113, /tmp/faces-sep-jpg/kk49/kk49_left_sad_sunglasses.jpg, kk49, left, sad, sunglasses, http://vise4.csail.mit.edu/p4/113.jpg,114, /tmp/faces-sep-jpg/kk49/kk49_left_angry_sunglasses.jpg, kk49, left, angry, sunglasses, http://vise4.csail.mit.edu/p4/114.jpg,115, /tmp/faces-sep-jpg/kk49/kk49_left_neutral_sunglasses.jpg, kk49, left, neutral, sunglasses, http://vise4.csail.mit.edu/p4/115.jpg,116, /tmp/faces-sep-jpg/kk49/kk49_left_happy_sunglasses.jpg, kk49, left, happy, sunglasses, http://vise4.csail.mit.edu/p4/116.jpg
117, /tmp/faces-sep-jpg/night/night_right_sad_sunglasses.jpg, night, right, sad, sunglasses, http://vise4.csail.mit.edu/p4/117.jpg,118, /tmp/faces-sep-jpg/night/night_right_angry_sunglasses.jpg, night, right, angry, sunglasses, http://vise4.csail.mit.edu/p4/118.jpg,119, /tmp/faces-sep-jpg/night/night_right_happy_sunglasses.jpg, night, right, happy, sunglasses, http://vise4.csail.mit.edu/p4/119.jpg,120, /tmp/faces-sep-jpg/night/night_right_neutral_sunglasses.jpg, night, right, neutral, sunglasses, http://vise4.csail.mit.edu/p4/120.jpg
121, /tmp/faces-sep-jpg/cheyer/cheyer_straight_neutral_sunglasses.jpg, cheyer, straight, neutral, sunglasses, http://vise4.csail.mit.edu/p4/121.jpg,122, /tmp/faces-sep-jpg/cheyer/cheyer_straight_happy_sunglasses.jpg, cheyer, straight, happy, sunglasses, http://vise4.csail.mit.edu/p4/122.jpg,123, /tmp/faces-sep-jpg/cheyer/cheyer_straight_sad_sunglasses.jpg, cheyer, straight, sad, sunglasses, http://vise4.csail.mit.edu/p4/123.jpg,124, /tmp/faces-sep-jpg/cheyer/cheyer_straight_angry_sunglasses.jpg, cheyer, straight, angry, sunglasses, http://vise4.csail.mit.edu/p4/124.jpg
125, /tmp/faces-sep-jpg/night/night_left_happy_open.jpg, night, left, happy, open, http://vise4.csail.mit.edu/p4/125.jpg,126, /tmp/faces-sep-jpg/night/night_left_angry_open.jpg, night, left, angry, open, http://vise4.csail.mit.edu/p4/126.jpg,127, /tmp/faces-sep-jpg/night/night_left_sad_open.jpg, night, left, sad, open, http://vise4.csail.mit.edu/p4/127.jpg,128, /tmp/faces-sep-jpg/night/night_left_neutral_open.jpg, night, left, neutral, open, http://vise4.csail.mit.edu/p4/128.jpg
129, /tmp/faces-sep-jpg/sz24/sz24_straight_sad_open.jpg, sz24, straight, sad, open, http://vise4.csail.mit.edu/p4/129.jpg,130, /tmp/faces-sep-jpg/sz24/sz24_straight_angry_open.jpg, sz24, straight, angry, open, http://vise4.csail.mit.edu/p4/130.jpg,131, /tmp/faces-sep-jpg/sz24/sz24_straight_neutral_open.jpg, sz24, straight, neutral, open, http://vise4.csail.mit.edu/p4/131.jpg,132, /tmp/faces-sep-jpg/sz24/sz24_straight_happy_open.jpg, sz24, straight, happy, open, http://vise4.csail.mit.edu/p4/132.jpg
133, /tmp/faces-sep-jpg/danieln/danieln_right_angry_open.jpg, danieln, right, angry, open, http://vise4.csail.mit.edu/p4/133.jpg,134, /tmp/faces-sep-jpg/danieln/danieln_right_neutral_open.jpg, danieln, right, neutral, open, http://vise4.csail.mit.edu/p4/134.jpg,135, /tmp/faces-sep-jpg/danieln/danieln_right_sad_open.jpg, danieln, right, sad, open, http://vise4.csail.mit.edu/p4/135.jpg,136, /tmp/faces-sep-jpg/danieln/danieln_right_happy_open.jpg, danieln, right, happy, open, http://vise4.csail.mit.edu/p4/136.jpg
137, /tmp/faces-sep-jpg/kk49/kk49_right_neutral_sunglasses.jpg, kk49, right, neutral, sunglasses, http://vise4.csail.mit.edu/p4/137.jpg,138, /tmp/faces-sep-jpg/kk49/kk49_right_angry_sunglasses.jpg, kk49, right, angry, sunglasses, http://vise4.csail.mit.edu/p4/138.jpg,139, /tmp/faces-sep-jpg/kk49/kk49_right_sad_sunglasses.jpg, kk49, right, sad, sunglasses, http://vise4.csail.mit.edu/p4/139.jpg,140, /tmp/faces-sep-jpg/kk49/kk49_right_happy_sunglasses.jpg, kk49, right, happy, sunglasses, http://vise4.csail.mit.edu/p4/140.jpg
141, /tmp/faces-sep-jpg/sz24/sz24_straight_happy_sunglasses.jpg, sz24, straight, happy, sunglasses, http://vise4.csail.mit.edu/p4/141.jpg,142, /tmp/faces-sep-jpg/sz24/sz24_straight_angry_sunglasses.jpg, sz24, straight, angry, sunglasses, http://vise4.csail.mit.edu/p4/142.jpg,143, /tmp/faces-sep-jpg/sz24/sz24_straight_sad_sunglasses.jpg, sz24, straight, sad, sunglasses, http://vise4.csail.mit.edu/p4/143.jpg,144, /tmp/faces-sep-jpg/sz24/sz24_straight_neutral_sunglasses.jpg, sz24, straight, neutral, sunglasses, http://vise4.csail.mit.edu/p4/144.jpg
145, /tmp/faces-sep-jpg/ch4f/ch4f_right_neutral_open.jpg, ch4f, right, neutral, open, http://vise4.csail.mit.edu/p4/145.jpg,146, /tmp/faces-sep-jpg/ch4f/ch4f_right_happy_open.jpg, ch4f, right, happy, open, http://vise4.csail.mit.edu/p4/146.jpg,147, /tmp/faces-sep-jpg/ch4f/ch4f_right_angry_open.jpg, ch4f, right, angry, open, http://vise4.csail.mit.edu/p4/147.jpg,148, /tmp/faces-sep-jpg/ch4f/ch4f_right_sad_open.jpg, ch4f, right, sad, open, http://vise4.csail.mit.edu/p4/148.jpg
149, /tmp/faces-sep-jpg/kawamura/kawamura_left_sad_open.jpg, kawamura, left, sad, open, http://vise4.csail.mit.edu/p4/149.jpg,150, /tmp/faces-sep-jpg/kawamura/kawamura_left_angry_open.jpg, kawamura, left, angry, open, http://vise4.csail.mit.edu/p4/150.jpg,151, /tmp/faces-sep-jpg/kawamura/kawamura_left_happy_open.jpg, kawamura, left, happy, open, http://vise4.csail.mit.edu/p4/151.jpg,152, /tmp/faces-sep-jpg/kawamura/kawamura_left_neutral_open.jpg, kawamura, left, neutral, open, http://vise4.csail.mit.edu/p4/152.jpg
153, /tmp/faces-sep-jpg/boland/boland_left_angry_open.jpg, boland, left, angry, open, http://vise4.csail.mit.edu/p4/153.jpg,154, /tmp/faces-sep-jpg/boland/boland_left_sad_open.jpg, boland, left, sad, open, http://vise4.csail.mit.edu/p4/154.jpg,155, /tmp/faces-sep-jpg/boland/boland_left_neutral_open.jpg, boland, left, neutral, open, http://vise4.csail.mit.edu/p4/155.jpg,156, /tmp/faces-sep-jpg/boland/boland_left_happy_open.jpg, boland, left, happy, open, http://vise4.csail.mit.edu/p4/156.jpg
157, /tmp/faces-sep-jpg/danieln/danieln_up_happy_open.jpg, danieln, up, happy, open, http://vise4.csail.mit.edu/p4/157.jpg,158, /tmp/faces-sep-jpg/danieln/danieln_up_angry_open.jpg, danieln, up, angry, open, http://vise4.csail.mit.edu/p4/158.jpg,159, /tmp/faces-sep-jpg/danieln/danieln_up_sad_open.jpg, danieln, up, sad, open, http://vise4.csail.mit.edu/p4/159.jpg,160, /tmp/faces-sep-jpg/danieln/danieln_up_neutral_open.jpg, danieln, up, neutral, open, http://vise4.csail.mit.edu/p4/160.jpg
161, /tmp/faces-sep-jpg/kk49/kk49_straight_happy_sunglasses.jpg, kk49, straight, happy, sunglasses, http://vise4.csail.mit.edu/p4/161.jpg,162, /tmp/faces-sep-jpg/kk49/kk49_straight_neutral_sunglasses.jpg, kk49, straight, neutral, sunglasses, http://vise4.csail.mit.edu/p4/162.jpg,163, /tmp/faces-sep-jpg/kk49/kk49_straight_sad_sunglasses.jpg, kk49, straight, sad, sunglasses, http://vise4.csail.mit.edu/p4/163.jpg,164, /tmp/faces-sep-jpg/kk49/kk49_straight_angry_sunglasses.jpg, kk49, straight, angry, sunglasses, http://vise4.csail.mit.edu/p4/164.jpg
165, /tmp/faces-sep-jpg/bpm/bpm_up_angry_sunglasses.jpg, bpm, up, angry, sunglasses, http://vise4.csail.mit.edu/p4/165.jpg,166, /tmp/faces-sep-jpg/bpm/bpm_up_happy_sunglasses.jpg, bpm, up, happy, sunglasses, http://vise4.csail.mit.edu/p4/166.jpg,167, /tmp/faces-sep-jpg/bpm/bpm_up_neutral_sunglasses.jpg, bpm, up, neutral, sunglasses, http://vise4.csail.mit.edu/p4/167.jpg,168, /tmp/faces-sep-jpg/bpm/bpm_up_sad_sunglasses.jpg, bpm, up, sad, sunglasses, http://vise4.csail.mit.edu/p4/168.jpg
169, /tmp/faces-sep-jpg/sz24/sz24_left_happy_open.jpg, sz24, left, happy, open, http://vise4.csail.mit.edu/p4/169.jpg,170, /tmp/faces-sep-jpg/sz24/sz24_left_angry_open.jpg, sz24, left, angry, open, http://vise4.csail.mit.edu/p4/170.jpg,171, /tmp/faces-sep-jpg/sz24/sz24_left_sad_open.jpg, sz24, left, sad, open, http://vise4.csail.mit.edu/p4/171.jpg,172, /tmp/faces-sep-jpg/sz24/sz24_left_neutral_open.jpg, sz24, left, neutral, open, http://vise4.csail.mit.edu/p4/172.jpg
173, /tmp/faces-sep-jpg/glickman/glickman_left_angry_sunglasses.jpg, glickman, left, angry, sunglasses, http://vise4.csail.mit.edu/p4/173.jpg,174, /tmp/faces-sep-jpg/glickman/glickman_left_happy_sunglasses.jpg, glickman, left, happy, sunglasses, http://vise4.csail.mit.edu/p4/174.jpg,175, /tmp/faces-sep-jpg/glickman/glickman_left_neutral_sunglasses.jpg, glickman, left, neutral, sunglasses, http://vise4.csail.mit.edu/p4/175.jpg,176, /tmp/faces-sep-jpg/glickman/glickman_left_sad_sunglasses.jpg, glickman, left, sad, sunglasses, http://vise4.csail.mit.edu/p4/176.jpg
177, /tmp/faces-sep-jpg/at33/at33_up_happy_open.jpg, at33, up, happy, open, http://vise4.csail.mit.edu/p4/177.jpg,178, /tmp/faces-sep-jpg/at33/at33_up_angry_open.jpg, at33, up, angry, open, http://vise4.csail.mit.edu/p4/178.jpg,179, /tmp/faces-sep-jpg/at33/at33_up_sad_open.jpg, at33, up, sad, open, http://vise4.csail.mit.edu/p4/179.jpg,180, /tmp/faces-sep-jpg/at33/at33_up_neutral_open.jpg, at33, up, neutral, open, http://vise4.csail.mit.edu/p4/180.jpg
181, /tmp/faces-sep-jpg/danieln/danieln_left_angry_sunglasses.jpg, danieln, left, angry, sunglasses, http://vise4.csail.mit.edu/p4/181.jpg,182, /tmp/faces-sep-jpg/danieln/danieln_left_neutral_sunglasses.jpg, danieln, left, neutral, sunglasses, http://vise4.csail.mit.edu/p4/182.jpg,183, /tmp/faces-sep-jpg/danieln/danieln_left_happy_sunglasses.jpg, danieln, left, happy, sunglasses, http://vise4.csail.mit.edu/p4/183.jpg,184, /tmp/faces-sep-jpg/danieln/danieln_left_sad_sunglasses.jpg, danieln, left, sad, sunglasses, http://vise4.csail.mit.edu/p4/184.jpg
185, /tmp/faces-sep-jpg/cheyer/cheyer_straight_neutral_open.jpg, cheyer, straight, neutral, open, http://vise4.csail.mit.edu/p4/185.jpg,186, /tmp/faces-sep-jpg/cheyer/cheyer_straight_angry_open.jpg, cheyer, straight, angry, open, http://vise4.csail.mit.edu/p4/186.jpg,187, /tmp/faces-sep-jpg/cheyer/cheyer_straight_sad_open.jpg, cheyer, straight, sad, open, http://vise4.csail.mit.edu/p4/187.jpg,188, /tmp/faces-sep-jpg/cheyer/cheyer_straight_happy_open.jpg, cheyer, straight, happy, open, http://vise4.csail.mit.edu/p4/188.jpg
189, /tmp/faces-sep-jpg/saavik/saavik_straight_angry_open.jpg, saavik, straight, angry, open, http://vise4.csail.mit.edu/p4/189.jpg,190, /tmp/faces-sep-jpg/saavik/saavik_straight_neutral_open.jpg, saavik, straight, neutral, open, http://vise4.csail.mit.edu/p4/190.jpg,191, /tmp/faces-sep-jpg/saavik/saavik_straight_sad_open.jpg, saavik, straight, sad, open, http://vise4.csail.mit.edu/p4/191.jpg,192, /tmp/faces-sep-jpg/saavik/saavik_straight_happy_open.jpg, saavik, straight, happy, open, http://vise4.csail.mit.edu/p4/192.jpg
193, /tmp/faces-sep-jpg/mitchell/mitchell_left_neutral_open.jpg, mitchell, left, neutral, open, http://vise4.csail.mit.edu/p4/193.jpg,194, /tmp/faces-sep-jpg/mitchell/mitchell_left_sad_open.jpg, mitchell, left, sad, open, http://vise4.csail.mit.edu/p4/194.jpg,195, /tmp/faces-sep-jpg/mitchell/mitchell_left_angry_open.jpg, mitchell, left, angry, open, http://vise4.csail.mit.edu/p4/195.jpg,196, /tmp/faces-sep-jpg/mitchell/mitchell_left_happy_open.jpg, mitchell, left, happy, open, http://vise4.csail.mit.edu/p4/196.jpg
197, /tmp/faces-sep-jpg/megak/megak_right_angry_sunglasses.jpg, megak, right, angry, sunglasses, http://vise4.csail.mit.edu/p4/197.jpg,198, /tmp/faces-sep-jpg/megak/megak_right_neutral_sunglasses.jpg, megak, right, neutral, sunglasses, http://vise4.csail.mit.edu/p4/198.jpg,199, /tmp/faces-sep-jpg/megak/megak_right_sad_sunglasses.jpg, megak, right, sad, sunglasses, http://vise4.csail.mit.edu/p4/199.jpg,200, /tmp/faces-sep-jpg/megak/megak_right_happy_sunglasses.jpg, megak, right, happy, sunglasses, http://vise4.csail.mit.edu/p4/200.jpg
201, /tmp/faces-sep-jpg/an2i/an2i_left_happy_open.jpg, an2i, left, happy, open, http://vise4.csail.mit.edu/p4/201.jpg,202, /tmp/faces-sep-jpg/an2i/an2i_left_angry_open.jpg, an2i, left, angry, open, http://vise4.csail.mit.edu/p4/202.jpg,203, /tmp/faces-sep-jpg/an2i/an2i_left_sad_open.jpg, an2i, left, sad, open, http://vise4.csail.mit.edu/p4/203.jpg,204, /tmp/faces-sep-jpg/an2i/an2i_left_neutral_open.jpg, an2i, left, neutral, open, http://vise4.csail.mit.edu/p4/204.jpg
205, /tmp/faces-sep-jpg/kawamura/kawamura_right_neutral_open.jpg, kawamura, right, neutral, open, http://vise4.csail.mit.edu/p4/205.jpg,206, /tmp/faces-sep-jpg/kawamura/kawamura_right_happy_open.jpg, kawamura, right, happy, open, http://vise4.csail.mit.edu/p4/206.jpg,207, /tmp/faces-sep-jpg/kawamura/kawamura_right_angry_open.jpg, kawamura, right, angry, open, http://vise4.csail.mit.edu/p4/207.jpg,208, /tmp/faces-sep-jpg/kawamura/kawamura_right_sad_open.jpg, kawamura, right, sad, open, http://vise4.csail.mit.edu/p4/208.jpg
209, /tmp/faces-sep-jpg/cheyer/cheyer_up_sad_open.jpg, cheyer, up, sad, open, http://vise4.csail.mit.edu/p4/209.jpg,210, /tmp/faces-sep-jpg/cheyer/cheyer_up_neutral_open.jpg, cheyer, up, neutral, open, http://vise4.csail.mit.edu/p4/210.jpg,211, /tmp/faces-sep-jpg/cheyer/cheyer_up_angry_open.jpg, cheyer, up, angry, open, http://vise4.csail.mit.edu/p4/211.jpg,212, /tmp/faces-sep-jpg/cheyer/cheyer_up_happy_open.jpg, cheyer, up, happy, open, http://vise4.csail.mit.edu/p4/212.jpg
213, /tmp/faces-sep-jpg/boland/boland_up_happy_sunglasses.jpg, boland, up, happy, sunglasses, http://vise4.csail.mit.edu/p4/213.jpg,214, /tmp/faces-sep-jpg/boland/boland_up_neutral_sunglasses.jpg, boland, up, neutral, sunglasses, http://vise4.csail.mit.edu/p4/214.jpg,215, /tmp/faces-sep-jpg/boland/boland_up_angry_sunglasses.jpg, boland, up, angry, sunglasses, http://vise4.csail.mit.edu/p4/215.jpg,216, /tmp/faces-sep-jpg/boland/boland_up_sad_sunglasses.jpg, boland, up, sad, sunglasses, http://vise4.csail.mit.edu/p4/216.jpg
217, /tmp/faces-sep-jpg/danieln/danieln_right_sad_sunglasses.jpg, danieln, right, sad, sunglasses, http://vise4.csail.mit.edu/p4/217.jpg,218, /tmp/faces-sep-jpg/danieln/danieln_right_angry_sunglasses.jpg, danieln, right, angry, sunglasses, http://vise4.csail.mit.edu/p4/218.jpg,219, /tmp/faces-sep-jpg/danieln/danieln_right_neutral_sunglasses.jpg, danieln, right, neutral, sunglasses, http://vise4.csail.mit.edu/p4/219.jpg,220, /tmp/faces-sep-jpg/danieln/danieln_right_happy_sunglasses.jpg, danieln, right, happy, sunglasses, http://vise4.csail.mit.edu/p4/220.jpg
221, /tmp/faces-sep-jpg/phoebe/phoebe_right_neutral_open.jpg, phoebe, right, neutral, open, http://vise4.csail.mit.edu/p4/221.jpg,222, /tmp/faces-sep-jpg/phoebe/phoebe_right_happy_open.jpg, phoebe, right, happy, open, http://vise4.csail.mit.edu/p4/222.jpg,223, /tmp/faces-sep-jpg/phoebe/phoebe_right_sad_open.jpg, phoebe, right, sad, open, http://vise4.csail.mit.edu/p4/223.jpg,224, /tmp/faces-sep-jpg/phoebe/phoebe_right_angry_open.jpg, phoebe, right, angry, open, http://vise4.csail.mit.edu/p4/224.jpg
225, /tmp/faces-sep-jpg/bpm/bpm_left_sad_open.jpg, bpm, left, sad, open, http://vise4.csail.mit.edu/p4/225.jpg,226, /tmp/faces-sep-jpg/bpm/bpm_left_happy_open.jpg, bpm, left, happy, open, http://vise4.csail.mit.edu/p4/226.jpg,227, /tmp/faces-sep-jpg/bpm/bpm_left_angry_open.jpg, bpm, left, angry, open, http://vise4.csail.mit.edu/p4/227.jpg,228, /tmp/faces-sep-jpg/bpm/bpm_left_neutral_open.jpg, bpm, left, neutral, open, http://vise4.csail.mit.edu/p4/228.jpg
229, /tmp/faces-sep-jpg/tammo/tammo_straight_sad_sunglasses.jpg, tammo, straight, sad, sunglasses, http://vise4.csail.mit.edu/p4/229.jpg,230, /tmp/faces-sep-jpg/tammo/tammo_straight_neutral_sunglasses.jpg, tammo, straight, neutral, sunglasses, http://vise4.csail.mit.edu/p4/230.jpg,231, /tmp/faces-sep-jpg/tammo/tammo_straight_angry_sunglasses.jpg, tammo, straight, angry, sunglasses, http://vise4.csail.mit.edu/p4/231.jpg,232, /tmp/faces-sep-jpg/tammo/tammo_straight_happy_sunglasses.jpg, tammo, straight, happy, sunglasses, http://vise4.csail.mit.edu/p4/232.jpg
233, /tmp/faces-sep-jpg/cheyer/cheyer_right_neutral_open.jpg, cheyer, right, neutral, open, http://vise4.csail.mit.edu/p4/233.jpg,234, /tmp/faces-sep-jpg/cheyer/cheyer_right_sad_open.jpg, cheyer, right, sad, open, http://vise4.csail.mit.edu/p4/234.jpg,235, /tmp/faces-sep-jpg/cheyer/cheyer_right_happy_open.jpg, cheyer, right, happy, open, http://vise4.csail.mit.edu/p4/235.jpg,236, /tmp/faces-sep-jpg/cheyer/cheyer_right_angry_open.jpg, cheyer, right, angry, open, http://vise4.csail.mit.edu/p4/236.jpg
237, /tmp/faces-sep-jpg/saavik/saavik_right_happy_sunglasses.jpg, saavik, right, happy, sunglasses, http://vise4.csail.mit.edu/p4/237.jpg,238, /tmp/faces-sep-jpg/saavik/saavik_right_angry_sunglasses.jpg, saavik, right, angry, sunglasses, http://vise4.csail.mit.edu/p4/238.jpg,239, /tmp/faces-sep-jpg/saavik/saavik_right_sad_sunglasses.jpg, saavik, right, sad, sunglasses, http://vise4.csail.mit.edu/p4/239.jpg,240, /tmp/faces-sep-jpg/saavik/saavik_right_neutral_sunglasses.jpg, saavik, right, neutral, sunglasses, http://vise4.csail.mit.edu/p4/240.jpg
241, /tmp/faces-sep-jpg/ch4f/ch4f_straight_happy_sunglasses.jpg, ch4f, straight, happy, sunglasses, http://vise4.csail.mit.edu/p4/241.jpg,242, /tmp/faces-sep-jpg/ch4f/ch4f_straight_angry_sunglasses.jpg, ch4f, straight, angry, sunglasses, http://vise4.csail.mit.edu/p4/242.jpg,243, /tmp/faces-sep-jpg/ch4f/ch4f_straight_sad_sunglasses.jpg, ch4f, straight, sad, sunglasses, http://vise4.csail.mit.edu/p4/243.jpg,244, /tmp/faces-sep-jpg/ch4f/ch4f_straight_neutral_sunglasses.jpg, ch4f, straight, neutral, sunglasses, http://vise4.csail.mit.edu/p4/244.jpg
245, /tmp/faces-sep-jpg/kawamura/kawamura_straight_angry_open.jpg, kawamura, straight, angry, open, http://vise4.csail.mit.edu/p4/245.jpg,246, /tmp/faces-sep-jpg/kawamura/kawamura_straight_sad_open.jpg, kawamura, straight, sad, open, http://vise4.csail.mit.edu/p4/246.jpg,247, /tmp/faces-sep-jpg/kawamura/kawamura_straight_neutral_open.jpg, kawamura, straight, neutral, open, http://vise4.csail.mit.edu/p4/247.jpg,248, /tmp/faces-sep-jpg/kawamura/kawamura_straight_happy_open.jpg, kawamura, straight, happy, open, http://vise4.csail.mit.edu/p4/248.jpg
249, /tmp/faces-sep-jpg/kawamura/kawamura_left_sad_sunglasses.jpg, kawamura, left, sad, sunglasses, http://vise4.csail.mit.edu/p4/249.jpg,250, /tmp/faces-sep-jpg/kawamura/kawamura_left_neutral_sunglasses.jpg, kawamura, left, neutral, sunglasses, http://vise4.csail.mit.edu/p4/250.jpg,251, /tmp/faces-sep-jpg/kawamura/kawamura_left_angry_sunglasses.jpg, kawamura, left, angry, sunglasses, http://vise4.csail.mit.edu/p4/251.jpg,252, /tmp/faces-sep-jpg/kawamura/kawamura_left_happy_sunglasses.jpg, kawamura, left, happy, sunglasses, http://vise4.csail.mit.edu/p4/252.jpg
253, /tmp/faces-sep-jpg/night/night_up_angry_open.jpg, night, up, angry, open, http://vise4.csail.mit.edu/p4/253.jpg,254, /tmp/faces-sep-jpg/night/night_up_happy_open.jpg, night, up, happy, open, http://vise4.csail.mit.edu/p4/254.jpg,255, /tmp/faces-sep-jpg/night/night_up_sad_open.jpg, night, up, sad, open, http://vise4.csail.mit.edu/p4/255.jpg,256, /tmp/faces-sep-jpg/night/night_up_neutral_open.jpg, night, up, neutral, open, http://vise4.csail.mit.edu/p4/256.jpg
257, /tmp/faces-sep-jpg/megak/megak_left_happy_sunglasses.jpg, megak, left, happy, sunglasses, http://vise4.csail.mit.edu/p4/257.jpg,258, /tmp/faces-sep-jpg/megak/megak_left_neutral_sunglasses.jpg, megak, left, neutral, sunglasses, http://vise4.csail.mit.edu/p4/258.jpg,259, /tmp/faces-sep-jpg/megak/megak_left_angry_sunglasses.jpg, megak, left, angry, sunglasses, http://vise4.csail.mit.edu/p4/259.jpg,260, /tmp/faces-sep-jpg/megak/megak_left_sad_sunglasses.jpg, megak, left, sad, sunglasses, http://vise4.csail.mit.edu/p4/260.jpg
261, /tmp/faces-sep-jpg/an2i/an2i_left_neutral_sunglasses.jpg, an2i, left, neutral, sunglasses, http://vise4.csail.mit.edu/p4/261.jpg,262, /tmp/faces-sep-jpg/an2i/an2i_left_angry_sunglasses.jpg, an2i, left, angry, sunglasses, http://vise4.csail.mit.edu/p4/262.jpg,263, /tmp/faces-sep-jpg/an2i/an2i_left_sad_sunglasses.jpg, an2i, left, sad, sunglasses, http://vise4.csail.mit.edu/p4/263.jpg,264, /tmp/faces-sep-jpg/an2i/an2i_left_happy_sunglasses.jpg, an2i, left, happy, sunglasses, http://vise4.csail.mit.edu/p4/264.jpg
265, /tmp/faces-sep-jpg/megak/megak_up_happy_open.jpg, megak, up, happy, open, http://vise4.csail.mit.edu/p4/265.jpg,266, /tmp/faces-sep-jpg/megak/megak_up_angry_open.jpg, megak, up, angry, open, http://vise4.csail.mit.edu/p4/266.jpg,267, /tmp/faces-sep-jpg/megak/megak_up_neutral_open.jpg, megak, up, neutral, open, http://vise4.csail.mit.edu/p4/267.jpg,268, /tmp/faces-sep-jpg/megak/megak_up_sad_open.jpg, megak, up, sad, open, http://vise4.csail.mit.edu/p4/268.jpg
269, /tmp/faces-sep-jpg/karyadi/karyadi_up_angry_open.jpg, karyadi, up, angry, open, http://vise4.csail.mit.edu/p4/269.jpg,270, /tmp/faces-sep-jpg/karyadi/karyadi_up_happy_open.jpg, karyadi, up, happy, open, http://vise4.csail.mit.edu/p4/270.jpg,271, /tmp/faces-sep-jpg/karyadi/karyadi_up_sad_open.jpg, karyadi, up, sad, open, http://vise4.csail.mit.edu/p4/271.jpg,272, /tmp/faces-sep-jpg/karyadi/karyadi_up_neutral_open.jpg, karyadi, up, neutral, open, http://vise4.csail.mit.edu/p4/272.jpg
273, /tmp/faces-sep-jpg/tammo/tammo_left_neutral_open.jpg, tammo, left, neutral, open, http://vise4.csail.mit.edu/p4/273.jpg,274, /tmp/faces-sep-jpg/tammo/tammo_left_angry_open.jpg, tammo, left, angry, open, http://vise4.csail.mit.edu/p4/274.jpg,275, /tmp/faces-sep-jpg/tammo/tammo_left_sad_open.jpg, tammo, left, sad, open, http://vise4.csail.mit.edu/p4/275.jpg,276, /tmp/faces-sep-jpg/tammo/tammo_left_happy_open.jpg, tammo, left, happy, open, http://vise4.csail.mit.edu/p4/276.jpg
277, /tmp/faces-sep-jpg/steffi/steffi_left_sad_open.jpg, steffi, left, sad, open, http://vise4.csail.mit.edu/p4/277.jpg,278, /tmp/faces-sep-jpg/steffi/steffi_left_neutral_open.jpg, steffi, left, neutral, open, http://vise4.csail.mit.edu/p4/278.jpg,279, /tmp/faces-sep-jpg/steffi/steffi_left_angry_open.jpg, steffi, left, angry, open, http://vise4.csail.mit.edu/p4/279.jpg,280, /tmp/faces-sep-jpg/steffi/steffi_left_happy_open.jpg, steffi, left, happy, open, http://vise4.csail.mit.edu/p4/280.jpg
281, /tmp/faces-sep-jpg/steffi/steffi_right_angry_open.jpg, steffi, right, angry, open, http://vise4.csail.mit.edu/p4/281.jpg,282, /tmp/faces-sep-jpg/steffi/steffi_right_sad_open.jpg, steffi, right, sad, open, http://vise4.csail.mit.edu/p4/282.jpg,283, /tmp/faces-sep-jpg/steffi/steffi_right_happy_open.jpg, steffi, right, happy, open, http://vise4.csail.mit.edu/p4/283.jpg,284, /tmp/faces-sep-jpg/steffi/steffi_right_neutral_open.jpg, steffi, right, neutral, open, http://vise4.csail.mit.edu/p4/284.jpg
285, /tmp/faces-sep-jpg/mitchell/mitchell_right_sad_open.jpg, mitchell, right, sad, open, http://vise4.csail.mit.edu/p4/285.jpg,286, /tmp/faces-sep-jpg/mitchell/mitchell_right_neutral_open.jpg, mitchell, right, neutral, open, http://vise4.csail.mit.edu/p4/286.jpg,287, /tmp/faces-sep-jpg/mitchell/mitchell_right_happy_open.jpg, mitchell, right, happy, open, http://vise4.csail.mit.edu/p4/287.jpg,288, /tmp/faces-sep-jpg/mitchell/mitchell_right_angry_open.jpg, mitchell, right, angry, open, http://vise4.csail.mit.edu/p4/288.jpg
289, /tmp/faces-sep-jpg/choon/choon_right_happy_open.jpg, choon, right, happy, open, http://vise4.csail.mit.edu/p4/289.jpg,290, /tmp/faces-sep-jpg/choon/choon_right_neutral_open.jpg, choon, right, neutral, open, http://vise4.csail.mit.edu/p4/290.jpg,291, /tmp/faces-sep-jpg/choon/choon_right_sad_open.jpg, choon, right, sad, open, http://vise4.csail.mit.edu/p4/291.jpg,292, /tmp/faces-sep-jpg/choon/choon_right_angry_open.jpg, choon, right, angry, open, http://vise4.csail.mit.edu/p4/292.jpg
293, /tmp/faces-sep-jpg/danieln/danieln_straight_sad_open.jpg, danieln, straight, sad, open, http://vise4.csail.mit.edu/p4/293.jpg,294, /tmp/faces-sep-jpg/danieln/danieln_straight_happy_open.jpg, danieln, straight, happy, open, http://vise4.csail.mit.edu/p4/294.jpg,295, /tmp/faces-sep-jpg/danieln/danieln_straight_angry_open.jpg, danieln, straight, angry, open, http://vise4.csail.mit.edu/p4/295.jpg,296, /tmp/faces-sep-jpg/danieln/danieln_straight_neutral_open.jpg, danieln, straight, neutral, open, http://vise4.csail.mit.edu/p4/296.jpg
297, /tmp/faces-sep-jpg/kk49/kk49_left_neutral_open.jpg, kk49, left, neutral, open, http://vise4.csail.mit.edu/p4/297.jpg,298, /tmp/faces-sep-jpg/kk49/kk49_left_happy_open.jpg, kk49, left, happy, open, http://vise4.csail.mit.edu/p4/298.jpg,299, /tmp/faces-sep-jpg/kk49/kk49_left_sad_open.jpg, kk49, left, sad, open, http://vise4.csail.mit.edu/p4/299.jpg,300, /tmp/faces-sep-jpg/kk49/kk49_left_angry_open.jpg, kk49, left, angry, open, http://vise4.csail.mit.edu/p4/300.jpg
301, /tmp/faces-sep-jpg/cheyer/cheyer_right_happy_sunglasses.jpg, cheyer, right, happy, sunglasses, http://vise4.csail.mit.edu/p4/301.jpg,302, /tmp/faces-sep-jpg/cheyer/cheyer_right_sad_sunglasses.jpg, cheyer, right, sad, sunglasses, http://vise4.csail.mit.edu/p4/302.jpg,303, /tmp/faces-sep-jpg/cheyer/cheyer_right_neutral_sunglasses.jpg, cheyer, right, neutral, sunglasses, http://vise4.csail.mit.edu/p4/303.jpg,304, /tmp/faces-sep-jpg/cheyer/cheyer_right_angry_sunglasses.jpg, cheyer, right, angry, sunglasses, http://vise4.csail.mit.edu/p4/304.jpg
305, /tmp/faces-sep-jpg/ch4f/ch4f_straight_angry_open.jpg, ch4f, straight, angry, open, http://vise4.csail.mit.edu/p4/305.jpg,306, /tmp/faces-sep-jpg/ch4f/ch4f_straight_sad_open.jpg, ch4f, straight, sad, open, http://vise4.csail.mit.edu/p4/306.jpg,307, /tmp/faces-sep-jpg/ch4f/ch4f_straight_happy_open.jpg, ch4f, straight, happy, open, http://vise4.csail.mit.edu/p4/307.jpg,308, /tmp/faces-sep-jpg/ch4f/ch4f_straight_neutral_open.jpg, ch4f, straight, neutral, open, http://vise4.csail.mit.edu/p4/308.jpg
309, /tmp/faces-sep-jpg/steffi/steffi_left_neutral_sunglasses.jpg, steffi, left, neutral, sunglasses, http://vise4.csail.mit.edu/p4/309.jpg,310, /tmp/faces-sep-jpg/steffi/steffi_left_sad_sunglasses.jpg, steffi, left, sad, sunglasses, http://vise4.csail.mit.edu/p4/310.jpg,311, /tmp/faces-sep-jpg/steffi/steffi_left_happy_sunglasses.jpg, steffi, left, happy, sunglasses, http://vise4.csail.mit.edu/p4/311.jpg,312, /tmp/faces-sep-jpg/steffi/steffi_left_angry_sunglasses.jpg, steffi, left, angry, sunglasses, http://vise4.csail.mit.edu/p4/312.jpg
313, /tmp/faces-sep-jpg/ch4f/ch4f_up_happy_sunglasses.jpg, ch4f, up, happy, sunglasses, http://vise4.csail.mit.edu/p4/313.jpg,314, /tmp/faces-sep-jpg/ch4f/ch4f_up_neutral_sunglasses.jpg, ch4f, up, neutral, sunglasses, http://vise4.csail.mit.edu/p4/314.jpg,315, /tmp/faces-sep-jpg/ch4f/ch4f_up_sad_sunglasses.jpg, ch4f, up, sad, sunglasses, http://vise4.csail.mit.edu/p4/315.jpg,316, /tmp/faces-sep-jpg/ch4f/ch4f_up_angry_sunglasses.jpg, ch4f, up, angry, sunglasses, http://vise4.csail.mit.edu/p4/316.jpg
317, /tmp/faces-sep-jpg/cheyer/cheyer_left_sad_sunglasses.jpg, cheyer, left, sad, sunglasses, http://vise4.csail.mit.edu/p4/317.jpg,318, /tmp/faces-sep-jpg/cheyer/cheyer_left_neutral_sunglasses.jpg, cheyer, left, neutral, sunglasses, http://vise4.csail.mit.edu/p4/318.jpg,319, /tmp/faces-sep-jpg/cheyer/cheyer_left_angry_sunglasses.jpg, cheyer, left, angry, sunglasses, http://vise4.csail.mit.edu/p4/319.jpg,320, /tmp/faces-sep-jpg/cheyer/cheyer_left_happy_sunglasses.jpg, cheyer, left, happy, sunglasses, http://vise4.csail.mit.edu/p4/320.jpg
321, /tmp/faces-sep-jpg/at33/at33_straight_happy_open.jpg, at33, straight, happy, open, http://vise4.csail.mit.edu/p4/321.jpg,322, /tmp/faces-sep-jpg/at33/at33_straight_angry_open.jpg, at33, straight, angry, open, http://vise4.csail.mit.edu/p4/322.jpg,323, /tmp/faces-sep-jpg/at33/at33_straight_neutral_open.jpg, at33, straight, neutral, open, http://vise4.csail.mit.edu/p4/323.jpg,324, /tmp/faces-sep-jpg/at33/at33_straight_sad_open.jpg, at33, straight, sad, open, http://vise4.csail.mit.edu/p4/324.jpg
325, /tmp/faces-sep-jpg/ch4f/ch4f_left_neutral_open.jpg, ch4f, left, neutral, open, http://vise4.csail.mit.edu/p4/325.jpg,326, /tmp/faces-sep-jpg/ch4f/ch4f_left_happy_open.jpg, ch4f, left, happy, open, http://vise4.csail.mit.edu/p4/326.jpg,327, /tmp/faces-sep-jpg/ch4f/ch4f_left_sad_open.jpg, ch4f, left, sad, open, http://vise4.csail.mit.edu/p4/327.jpg,328, /tmp/faces-sep-jpg/ch4f/ch4f_left_angry_open.jpg, ch4f, left, angry, open, http://vise4.csail.mit.edu/p4/328.jpg
329, /tmp/faces-sep-jpg/boland/boland_up_angry_open.jpg, boland, up, angry, open, http://vise4.csail.mit.edu/p4/329.jpg,330, /tmp/faces-sep-jpg/boland/boland_up_happy_open.jpg, boland, up, happy, open, http://vise4.csail.mit.edu/p4/330.jpg,331, /tmp/faces-sep-jpg/boland/boland_up_sad_open.jpg, boland, up, sad, open, http://vise4.csail.mit.edu/p4/331.jpg,332, /tmp/faces-sep-jpg/boland/boland_up_neutral_open.jpg, boland, up, neutral, open, http://vise4.csail.mit.edu/p4/332.jpg
333, /tmp/faces-sep-jpg/an2i/an2i_straight_happy_sunglasses.jpg, an2i, straight, happy, sunglasses, http://vise4.csail.mit.edu/p4/333.jpg,334, /tmp/faces-sep-jpg/an2i/an2i_straight_neutral_sunglasses.jpg, an2i, straight, neutral, sunglasses, http://vise4.csail.mit.edu/p4/334.jpg,335, /tmp/faces-sep-jpg/an2i/an2i_straight_sad_sunglasses.jpg, an2i, straight, sad, sunglasses, http://vise4.csail.mit.edu/p4/335.jpg,336, /tmp/faces-sep-jpg/an2i/an2i_straight_angry_sunglasses.jpg, an2i, straight, angry, sunglasses, http://vise4.csail.mit.edu/p4/336.jpg
337, /tmp/faces-sep-jpg/at33/at33_straight_happy_sunglasses.jpg, at33, straight, happy, sunglasses, http://vise4.csail.mit.edu/p4/337.jpg,338, /tmp/faces-sep-jpg/at33/at33_straight_neutral_sunglasses.jpg, at33, straight, neutral, sunglasses, http://vise4.csail.mit.edu/p4/338.jpg,339, /tmp/faces-sep-jpg/at33/at33_straight_sad_sunglasses.jpg, at33, straight, sad, sunglasses, http://vise4.csail.mit.edu/p4/339.jpg,340, /tmp/faces-sep-jpg/at33/at33_straight_angry_sunglasses.jpg, at33, straight, angry, sunglasses, http://vise4.csail.mit.edu/p4/340.jpg
341, /tmp/faces-sep-jpg/at33/at33_left_sad_open.jpg, at33, left, sad, open, http://vise4.csail.mit.edu/p4/341.jpg,342, /tmp/faces-sep-jpg/at33/at33_left_happy_open.jpg, at33, left, happy, open, http://vise4.csail.mit.edu/p4/342.jpg,343, /tmp/faces-sep-jpg/at33/at33_left_angry_open.jpg, at33, left, angry, open, http://vise4.csail.mit.edu/p4/343.jpg,344, /tmp/faces-sep-jpg/at33/at33_left_neutral_open.jpg, at33, left, neutral, open, http://vise4.csail.mit.edu/p4/344.jpg
345, /tmp/faces-sep-jpg/mitchell/mitchell_straight_neutral_sunglasses.jpg, mitchell, straight, neutral, sunglasses, http://vise4.csail.mit.edu/p4/345.jpg,346, /tmp/faces-sep-jpg/mitchell/mitchell_straight_angry_sunglasses.jpg, mitchell, straight, angry, sunglasses, http://vise4.csail.mit.edu/p4/346.jpg,347, /tmp/faces-sep-jpg/mitchell/mitchell_straight_sad_sunglasses.jpg, mitchell, straight, sad, sunglasses, http://vise4.csail.mit.edu/p4/347.jpg,348, /tmp/faces-sep-jpg/mitchell/mitchell_straight_happy_sunglasses.jpg, mitchell, straight, happy, sunglasses, http://vise4.csail.mit.edu/p4/348.jpg
349, /tmp/faces-sep-jpg/at33/at33_right_happy_open.jpg, at33, right, happy, open, http://vise4.csail.mit.edu/p4/349.jpg,350, /tmp/faces-sep-jpg/at33/at33_right_angry_open.jpg, at33, right, angry, open, http://vise4.csail.mit.edu/p4/350.jpg,351, /tmp/faces-sep-jpg/at33/at33_right_neutral_open.jpg, at33, right, neutral, open, http://vise4.csail.mit.edu/p4/351.jpg,352, /tmp/faces-sep-jpg/at33/at33_right_sad_open.jpg, at33, right, sad, open, http://vise4.csail.mit.edu/p4/352.jpg
353, /tmp/faces-sep-jpg/tammo/tammo_right_happy_sunglasses.jpg, tammo, right, happy, sunglasses, http://vise4.csail.mit.edu/p4/353.jpg,354, /tmp/faces-sep-jpg/tammo/tammo_right_neutral_sunglasses.jpg, tammo, right, neutral, sunglasses, http://vise4.csail.mit.edu/p4/354.jpg,355, /tmp/faces-sep-jpg/tammo/tammo_right_angry_sunglasses.jpg, tammo, right, angry, sunglasses, http://vise4.csail.mit.edu/p4/355.jpg,356, /tmp/faces-sep-jpg/tammo/tammo_right_sad_sunglasses.jpg, tammo, right, sad, sunglasses, http://vise4.csail.mit.edu/p4/356.jpg
357, /tmp/faces-sep-jpg/saavik/saavik_straight_sad_sunglasses.jpg, saavik, straight, sad, sunglasses, http://vise4.csail.mit.edu/p4/357.jpg,358, /tmp/faces-sep-jpg/saavik/saavik_straight_happy_sunglasses.jpg, saavik, straight, happy, sunglasses, http://vise4.csail.mit.edu/p4/358.jpg,359, /tmp/faces-sep-jpg/saavik/saavik_straight_angry_sunglasses.jpg, saavik, straight, angry, sunglasses, http://vise4.csail.mit.edu/p4/359.jpg,360, /tmp/faces-sep-jpg/saavik/saavik_straight_neutral_sunglasses.jpg, saavik, straight, neutral, sunglasses, http://vise4.csail.mit.edu/p4/360.jpg
361, /tmp/faces-sep-jpg/at33/at33_up_sad_sunglasses.jpg, at33, up, sad, sunglasses, http://vise4.csail.mit.edu/p4/361.jpg,362, /tmp/faces-sep-jpg/at33/at33_up_angry_sunglasses.jpg, at33, up, angry, sunglasses, http://vise4.csail.mit.edu/p4/362.jpg,363, /tmp/faces-sep-jpg/at33/at33_up_neutral_sunglasses.jpg, at33, up, neutral, sunglasses, http://vise4.csail.mit.edu/p4/363.jpg,364, /tmp/faces-sep-jpg/at33/at33_up_happy_sunglasses.jpg, at33, up, happy, sunglasses, http://vise4.csail.mit.edu/p4/364.jpg
365, /tmp/faces-sep-jpg/glickman/glickman_up_happy_open.jpg, glickman, up, happy, open, http://vise4.csail.mit.edu/p4/365.jpg,366, /tmp/faces-sep-jpg/glickman/glickman_up_angry_open.jpg, glickman, up, angry, open, http://vise4.csail.mit.edu/p4/366.jpg,367, /tmp/faces-sep-jpg/glickman/glickman_up_neutral_open.jpg, glickman, up, neutral, open, http://vise4.csail.mit.edu/p4/367.jpg,368, /tmp/faces-sep-jpg/glickman/glickman_up_sad_open.jpg, glickman, up, sad, open, http://vise4.csail.mit.edu/p4/368.jpg
369, /tmp/faces-sep-jpg/kawamura/kawamura_straight_neutral_sunglasses.jpg, kawamura, straight, neutral, sunglasses, http://vise4.csail.mit.edu/p4/369.jpg,370, /tmp/faces-sep-jpg/kawamura/kawamura_straight_sad_sunglasses.jpg, kawamura, straight, sad, sunglasses, http://vise4.csail.mit.edu/p4/370.jpg,371, /tmp/faces-sep-jpg/kawamura/kawamura_straight_angry_sunglasses.jpg, kawamura, straight, angry, sunglasses, http://vise4.csail.mit.edu/p4/371.jpg,372, /tmp/faces-sep-jpg/kawamura/kawamura_straight_happy_sunglasses.jpg, kawamura, straight, happy, sunglasses, http://vise4.csail.mit.edu/p4/372.jpg
373, /tmp/faces-sep-jpg/bpm/bpm_straight_happy_sunglasses.jpg, bpm, straight, happy, sunglasses, http://vise4.csail.mit.edu/p4/373.jpg,374, /tmp/faces-sep-jpg/bpm/bpm_straight_neutral_sunglasses.jpg, bpm, straight, neutral, sunglasses, http://vise4.csail.mit.edu/p4/374.jpg,375, /tmp/faces-sep-jpg/bpm/bpm_straight_sad_sunglasses.jpg, bpm, straight, sad, sunglasses, http://vise4.csail.mit.edu/p4/375.jpg,376, /tmp/faces-sep-jpg/bpm/bpm_straight_angry_sunglasses.jpg, bpm, straight, angry, sunglasses, http://vise4.csail.mit.edu/p4/376.jpg
377, /tmp/faces-sep-jpg/saavik/saavik_up_angry_open.jpg, saavik, up, angry, open, http://vise4.csail.mit.edu/p4/377.jpg,378, /tmp/faces-sep-jpg/saavik/saavik_up_happy_open.jpg, saavik, up, happy, open, http://vise4.csail.mit.edu/p4/378.jpg,379, /tmp/faces-sep-jpg/saavik/saavik_up_neutral_open.jpg, saavik, up, neutral, open, http://vise4.csail.mit.edu/p4/379.jpg,380, /tmp/faces-sep-jpg/saavik/saavik_up_sad_open.jpg, saavik, up, sad, open, http://vise4.csail.mit.edu/p4/380.jpg
381, /tmp/faces-sep-jpg/phoebe/phoebe_up_sad_open.jpg, phoebe, up, sad, open, http://vise4.csail.mit.edu/p4/381.jpg,382, /tmp/faces-sep-jpg/phoebe/phoebe_up_angry_open.jpg, phoebe, up, angry, open, http://vise4.csail.mit.edu/p4/382.jpg,383, /tmp/faces-sep-jpg/phoebe/phoebe_up_happy_open.jpg, phoebe, up, happy, open, http://vise4.csail.mit.edu/p4/383.jpg,384, /tmp/faces-sep-jpg/phoebe/phoebe_up_neutral_open.jpg, phoebe, up, neutral, open, http://vise4.csail.mit.edu/p4/384.jpg
385, /tmp/faces-sep-jpg/phoebe/phoebe_left_neutral_sunglasses.jpg, phoebe, left, neutral, sunglasses, http://vise4.csail.mit.edu/p4/385.jpg,386, /tmp/faces-sep-jpg/phoebe/phoebe_left_angry_sunglasses.jpg, phoebe, left, angry, sunglasses, http://vise4.csail.mit.edu/p4/386.jpg,387, /tmp/faces-sep-jpg/phoebe/phoebe_left_sad_sunglasses.jpg, phoebe, left, sad, sunglasses, http://vise4.csail.mit.edu/p4/387.jpg,388, /tmp/faces-sep-jpg/phoebe/phoebe_left_happy_sunglasses.jpg, phoebe, left, happy, sunglasses, http://vise4.csail.mit.edu/p4/388.jpg
389, /tmp/faces-sep-jpg/bpm/bpm_left_sad_sunglasses.jpg, bpm, left, sad, sunglasses, http://vise4.csail.mit.edu/p4/389.jpg,390, /tmp/faces-sep-jpg/bpm/bpm_left_neutral_sunglasses.jpg, bpm, left, neutral, sunglasses, http://vise4.csail.mit.edu/p4/390.jpg,391, /tmp/faces-sep-jpg/bpm/bpm_left_angry_sunglasses.jpg, bpm, left, angry, sunglasses, http://vise4.csail.mit.edu/p4/391.jpg,392, /tmp/faces-sep-jpg/bpm/bpm_left_happy_sunglasses.jpg, bpm, left, happy, sunglasses, http://vise4.csail.mit.edu/p4/392.jpg
393, /tmp/faces-sep-jpg/tammo/tammo_up_happy_open.jpg, tammo, up, happy, open, http://vise4.csail.mit.edu/p4/393.jpg,394, /tmp/faces-sep-jpg/tammo/tammo_up_sad_open.jpg, tammo, up, sad, open, http://vise4.csail.mit.edu/p4/394.jpg,395, /tmp/faces-sep-jpg/tammo/tammo_up_neutral_open.jpg, tammo, up, neutral, open, http://vise4.csail.mit.edu/p4/395.jpg,396, /tmp/faces-sep-jpg/tammo/tammo_up_angry_open.jpg, tammo, up, angry, open, http://vise4.csail.mit.edu/p4/396.jpg
397, /tmp/faces-sep-jpg/tammo/tammo_left_sad_sunglasses.jpg, tammo, left, sad, sunglasses, http://vise4.csail.mit.edu/p4/397.jpg,398, /tmp/faces-sep-jpg/tammo/tammo_left_happy_sunglasses.jpg, tammo, left, happy, sunglasses, http://vise4.csail.mit.edu/p4/398.jpg,399, /tmp/faces-sep-jpg/tammo/tammo_left_neutral_sunglasses.jpg, tammo, left, neutral, sunglasses, http://vise4.csail.mit.edu/p4/399.jpg,400, /tmp/faces-sep-jpg/tammo/tammo_left_angry_sunglasses.jpg, tammo, left, angry, sunglasses, http://vise4.csail.mit.edu/p4/400.jpg
401, /tmp/faces-sep-jpg/danieln/danieln_up_happy_sunglasses.jpg, danieln, up, happy, sunglasses, http://vise4.csail.mit.edu/p4/401.jpg,402, /tmp/faces-sep-jpg/danieln/danieln_up_sad_sunglasses.jpg, danieln, up, sad, sunglasses, http://vise4.csail.mit.edu/p4/402.jpg,403, /tmp/faces-sep-jpg/danieln/danieln_up_angry_sunglasses.jpg, danieln, up, angry, sunglasses, http://vise4.csail.mit.edu/p4/403.jpg,404, /tmp/faces-sep-jpg/danieln/danieln_up_neutral_sunglasses.jpg, danieln, up, neutral, sunglasses, http://vise4.csail.mit.edu/p4/404.jpg
405, /tmp/faces-sep-jpg/glickman/glickman_right_neutral_sunglasses.jpg, glickman, right, neutral, sunglasses, http://vise4.csail.mit.edu/p4/405.jpg,406, /tmp/faces-sep-jpg/glickman/glickman_right_angry_sunglasses.jpg, glickman, right, angry, sunglasses, http://vise4.csail.mit.edu/p4/406.jpg,407, /tmp/faces-sep-jpg/glickman/glickman_right_sad_sunglasses.jpg, glickman, right, sad, sunglasses, http://vise4.csail.mit.edu/p4/407.jpg,408, /tmp/faces-sep-jpg/glickman/glickman_right_happy_sunglasses.jpg, glickman, right, happy, sunglasses, http://vise4.csail.mit.edu/p4/408.jpg
409, /tmp/faces-sep-jpg/glickman/glickman_straight_sad_sunglasses.jpg, glickman, straight, sad, sunglasses, http://vise4.csail.mit.edu/p4/409.jpg,410, /tmp/faces-sep-jpg/glickman/glickman_straight_happy_sunglasses.jpg, glickman, straight, happy, sunglasses, http://vise4.csail.mit.edu/p4/410.jpg,411, /tmp/faces-sep-jpg/glickman/glickman_straight_neutral_sunglasses.jpg, glickman, straight, neutral, sunglasses, http://vise4.csail.mit.edu/p4/411.jpg,412, /tmp/faces-sep-jpg/glickman/glickman_straight_angry_sunglasses.jpg, glickman, straight, angry, sunglasses, http://vise4.csail.mit.edu/p4/412.jpg
413, /tmp/faces-sep-jpg/choon/choon_up_neutral_sunglasses.jpg, choon, up, neutral, sunglasses, http://vise4.csail.mit.edu/p4/413.jpg,414, /tmp/faces-sep-jpg/choon/choon_up_sad_sunglasses.jpg, choon, up, sad, sunglasses, http://vise4.csail.mit.edu/p4/414.jpg,415, /tmp/faces-sep-jpg/choon/choon_up_happy_sunglasses.jpg, choon, up, happy, sunglasses, http://vise4.csail.mit.edu/p4/415.jpg,416, /tmp/faces-sep-jpg/choon/choon_up_angry_sunglasses.jpg, choon, up, angry, sunglasses, http://vise4.csail.mit.edu/p4/416.jpg
417, /tmp/faces-sep-jpg/cheyer/cheyer_up_neutral_sunglasses.jpg, cheyer, up, neutral, sunglasses, http://vise4.csail.mit.edu/p4/417.jpg,418, /tmp/faces-sep-jpg/cheyer/cheyer_up_angry_sunglasses.jpg, cheyer, up, angry, sunglasses, http://vise4.csail.mit.edu/p4/418.jpg,419, /tmp/faces-sep-jpg/cheyer/cheyer_up_sad_sunglasses.jpg, cheyer, up, sad, sunglasses, http://vise4.csail.mit.edu/p4/419.jpg,420, /tmp/faces-sep-jpg/cheyer/cheyer_up_happy_sunglasses.jpg, cheyer, up, happy, sunglasses, http://vise4.csail.mit.edu/p4/420.jpg
421, /tmp/faces-sep-jpg/ch4f/ch4f_left_neutral_sunglasses.jpg, ch4f, left, neutral, sunglasses, http://vise4.csail.mit.edu/p4/421.jpg,422, /tmp/faces-sep-jpg/ch4f/ch4f_left_angry_sunglasses.jpg, ch4f, left, angry, sunglasses, http://vise4.csail.mit.edu/p4/422.jpg,423, /tmp/faces-sep-jpg/ch4f/ch4f_left_happy_sunglasses.jpg, ch4f, left, happy, sunglasses, http://vise4.csail.mit.edu/p4/423.jpg,424, /tmp/faces-sep-jpg/ch4f/ch4f_left_sad_sunglasses.jpg, ch4f, left, sad, sunglasses, http://vise4.csail.mit.edu/p4/424.jpg
425, /tmp/faces-sep-jpg/steffi/steffi_up_angry_open.jpg, steffi, up, angry, open, http://vise4.csail.mit.edu/p4/425.jpg,426, /tmp/faces-sep-jpg/steffi/steffi_up_happy_open.jpg, steffi, up, happy, open, http://vise4.csail.mit.edu/p4/426.jpg,427, /tmp/faces-sep-jpg/steffi/steffi_up_sad_open.jpg, steffi, up, sad, open, http://vise4.csail.mit.edu/p4/427.jpg,428, /tmp/faces-sep-jpg/steffi/steffi_up_neutral_open.jpg, steffi, up, neutral, open, http://vise4.csail.mit.edu/p4/428.jpg
429, /tmp/faces-sep-jpg/boland/boland_straight_sad_open.jpg, boland, straight, sad, open, http://vise4.csail.mit.edu/p4/429.jpg,430, /tmp/faces-sep-jpg/boland/boland_straight_happy_open.jpg, boland, straight, happy, open, http://vise4.csail.mit.edu/p4/430.jpg,431, /tmp/faces-sep-jpg/boland/boland_straight_neutral_open.jpg, boland, straight, neutral, open, http://vise4.csail.mit.edu/p4/431.jpg,432, /tmp/faces-sep-jpg/boland/boland_straight_angry_open.jpg, boland, straight, angry, open, http://vise4.csail.mit.edu/p4/432.jpg
433, /tmp/faces-sep-jpg/bpm/bpm_right_sad_sunglasses.jpg, bpm, right, sad, sunglasses, http://vise4.csail.mit.edu/p4/433.jpg,434, /tmp/faces-sep-jpg/bpm/bpm_right_neutral_sunglasses.jpg, bpm, right, neutral, sunglasses, http://vise4.csail.mit.edu/p4/434.jpg,435, /tmp/faces-sep-jpg/bpm/bpm_right_angry_sunglasses.jpg, bpm, right, angry, sunglasses, http://vise4.csail.mit.edu/p4/435.jpg,436, /tmp/faces-sep-jpg/bpm/bpm_right_happy_sunglasses.jpg, bpm, right, happy, sunglasses, http://vise4.csail.mit.edu/p4/436.jpg
437, /tmp/faces-sep-jpg/karyadi/karyadi_up_happy_sunglasses.jpg, karyadi, up, happy, sunglasses, http://vise4.csail.mit.edu/p4/437.jpg,438, /tmp/faces-sep-jpg/karyadi/karyadi_up_angry_sunglasses.jpg, karyadi, up, angry, sunglasses, http://vise4.csail.mit.edu/p4/438.jpg,439, /tmp/faces-sep-jpg/karyadi/karyadi_up_sad_sunglasses.jpg, karyadi, up, sad, sunglasses, http://vise4.csail.mit.edu/p4/439.jpg,440, /tmp/faces-sep-jpg/karyadi/karyadi_up_neutral_sunglasses.jpg, karyadi, up, neutral, sunglasses, http://vise4.csail.mit.edu/p4/440.jpg
441, /tmp/faces-sep-jpg/choon/choon_right_angry_sunglasses.jpg, choon, right, angry, sunglasses, http://vise4.csail.mit.edu/p4/441.jpg,442, /tmp/faces-sep-jpg/choon/choon_right_sad_sunglasses.jpg, choon, right, sad, sunglasses, http://vise4.csail.mit.edu/p4/442.jpg,443, /tmp/faces-sep-jpg/choon/choon_right_happy_sunglasses.jpg, choon, right, happy, sunglasses, http://vise4.csail.mit.edu/p4/443.jpg,444, /tmp/faces-sep-jpg/choon/choon_right_neutral_sunglasses.jpg, choon, right, neutral, sunglasses, http://vise4.csail.mit.edu/p4/444.jpg
445, /tmp/faces-sep-jpg/an2i/an2i_right_happy_sunglasses.jpg, an2i, right, happy, sunglasses, http://vise4.csail.mit.edu/p4/445.jpg,446, /tmp/faces-sep-jpg/an2i/an2i_right_angry_sunglasses.jpg, an2i, right, angry, sunglasses, http://vise4.csail.mit.edu/p4/446.jpg,447, /tmp/faces-sep-jpg/an2i/an2i_right_sad_sunglasses.jpg, an2i, right, sad, sunglasses, http://vise4.csail.mit.edu/p4/447.jpg,448, /tmp/faces-sep-jpg/an2i/an2i_right_neutral_sunglasses.jpg, an2i, right, neutral, sunglasses, http://vise4.csail.mit.edu/p4/448.jpg
449, /tmp/faces-sep-jpg/ch4f/ch4f_right_angry_sunglasses.jpg, ch4f, right, angry, sunglasses, http://vise4.csail.mit.edu/p4/449.jpg,450, /tmp/faces-sep-jpg/ch4f/ch4f_right_sad_sunglasses.jpg, ch4f, right, sad, sunglasses, http://vise4.csail.mit.edu/p4/450.jpg,451, /tmp/faces-sep-jpg/ch4f/ch4f_right_happy_sunglasses.jpg, ch4f, right, happy, sunglasses, http://vise4.csail.mit.edu/p4/451.jpg,452, /tmp/faces-sep-jpg/ch4f/ch4f_right_neutral_sunglasses.jpg, ch4f, right, neutral, sunglasses, http://vise4.csail.mit.edu/p4/452.jpg
453, /tmp/faces-sep-jpg/phoebe/phoebe_right_happy_sunglasses.jpg, phoebe, right, happy, sunglasses, http://vise4.csail.mit.edu/p4/453.jpg,454, /tmp/faces-sep-jpg/phoebe/phoebe_right_sad_sunglasses.jpg, phoebe, right, sad, sunglasses, http://vise4.csail.mit.edu/p4/454.jpg,455, /tmp/faces-sep-jpg/phoebe/phoebe_right_neutral_sunglasses.jpg, phoebe, right, neutral, sunglasses, http://vise4.csail.mit.edu/p4/455.jpg,456, /tmp/faces-sep-jpg/phoebe/phoebe_right_angry_sunglasses.jpg, phoebe, right, angry, sunglasses, http://vise4.csail.mit.edu/p4/456.jpg
457, /tmp/faces-sep-jpg/tammo/tammo_straight_happy_open.jpg, tammo, straight, happy, open, http://vise4.csail.mit.edu/p4/457.jpg,458, /tmp/faces-sep-jpg/tammo/tammo_straight_angry_open.jpg, tammo, straight, angry, open, http://vise4.csail.mit.edu/p4/458.jpg,459, /tmp/faces-sep-jpg/tammo/tammo_straight_sad_open.jpg, tammo, straight, sad, open, http://vise4.csail.mit.edu/p4/459.jpg,460, /tmp/faces-sep-jpg/tammo/tammo_straight_neutral_open.jpg, tammo, straight, neutral, open, http://vise4.csail.mit.edu/p4/460.jpg
461, /tmp/faces-sep-jpg/steffi/steffi_right_neutral_sunglasses.jpg, steffi, right, neutral, sunglasses, http://vise4.csail.mit.edu/p4/461.jpg,462, /tmp/faces-sep-jpg/steffi/steffi_right_angry_sunglasses.jpg, steffi, right, angry, sunglasses, http://vise4.csail.mit.edu/p4/462.jpg,463, /tmp/faces-sep-jpg/steffi/steffi_right_happy_sunglasses.jpg, steffi, right, happy, sunglasses, http://vise4.csail.mit.edu/p4/463.jpg,464, /tmp/faces-sep-jpg/steffi/steffi_right_sad_sunglasses.jpg, steffi, right, sad, sunglasses, http://vise4.csail.mit.edu/p4/464.jpg
465, /tmp/faces-sep-jpg/choon/choon_straight_angry_open.jpg, choon, straight, angry, open, http://vise4.csail.mit.edu/p4/465.jpg,466, /tmp/faces-sep-jpg/choon/choon_straight_sad_open.jpg, choon, straight, sad, open, http://vise4.csail.mit.edu/p4/466.jpg,467, /tmp/faces-sep-jpg/choon/choon_straight_happy_open.jpg, choon, straight, happy, open, http://vise4.csail.mit.edu/p4/467.jpg,468, /tmp/faces-sep-jpg/choon/choon_straight_neutral_open.jpg, choon, straight, neutral, open, http://vise4.csail.mit.edu/p4/468.jpg
469, /tmp/faces-sep-jpg/karyadi/karyadi_straight_angry_open.jpg, karyadi, straight, angry, open, http://vise4.csail.mit.edu/p4/469.jpg,470, /tmp/faces-sep-jpg/karyadi/karyadi_straight_happy_open.jpg, karyadi, straight, happy, open, http://vise4.csail.mit.edu/p4/470.jpg,471, /tmp/faces-sep-jpg/karyadi/karyadi_straight_neutral_open.jpg, karyadi, straight, neutral, open, http://vise4.csail.mit.edu/p4/471.jpg,472, /tmp/faces-sep-jpg/karyadi/karyadi_straight_sad_open.jpg, karyadi, straight, sad, open, http://vise4.csail.mit.edu/p4/472.jpg
473, /tmp/faces-sep-jpg/cheyer/cheyer_left_angry_open.jpg, cheyer, left, angry, open, http://vise4.csail.mit.edu/p4/473.jpg,474, /tmp/faces-sep-jpg/cheyer/cheyer_left_sad_open.jpg, cheyer, left, sad, open, http://vise4.csail.mit.edu/p4/474.jpg,475, /tmp/faces-sep-jpg/cheyer/cheyer_left_neutral_open.jpg, cheyer, left, neutral, open, http://vise4.csail.mit.edu/p4/475.jpg,476, /tmp/faces-sep-jpg/cheyer/cheyer_left_happy_open.jpg, cheyer, left, happy, open, http://vise4.csail.mit.edu/p4/476.jpg
477, /tmp/faces-sep-jpg/karyadi/karyadi_left_sad_open.jpg, karyadi, left, sad, open, http://vise4.csail.mit.edu/p4/477.jpg,478, /tmp/faces-sep-jpg/karyadi/karyadi_left_neutral_open.jpg, karyadi, left, neutral, open, http://vise4.csail.mit.edu/p4/478.jpg,479, /tmp/faces-sep-jpg/karyadi/karyadi_left_angry_open.jpg, karyadi, left, angry, open, http://vise4.csail.mit.edu/p4/479.jpg,480, /tmp/faces-sep-jpg/karyadi/karyadi_left_happy_open.jpg, karyadi, left, happy, open, http://vise4.csail.mit.edu/p4/480.jpg
481, /tmp/faces-sep-jpg/sz24/sz24_right_happy_open.jpg, sz24, right, happy, open, http://vise4.csail.mit.edu/p4/481.jpg,482, /tmp/faces-sep-jpg/sz24/sz24_right_neutral_open.jpg, sz24, right, neutral, open, http://vise4.csail.mit.edu/p4/482.jpg,483, /tmp/faces-sep-jpg/sz24/sz24_right_angry_open.jpg, sz24, right, angry, open, http://vise4.csail.mit.edu/p4/483.jpg,484, /tmp/faces-sep-jpg/sz24/sz24_right_sad_open.jpg, sz24, right, sad, open, http://vise4.csail.mit.edu/p4/484.jpg
485, /tmp/faces-sep-jpg/boland/boland_left_happy_sunglasses.jpg, boland, left, happy, sunglasses, http://vise4.csail.mit.edu/p4/485.jpg,486, /tmp/faces-sep-jpg/boland/boland_left_angry_sunglasses.jpg, boland, left, angry, sunglasses, http://vise4.csail.mit.edu/p4/486.jpg,487, /tmp/faces-sep-jpg/boland/boland_left_neutral_sunglasses.jpg, boland, left, neutral, sunglasses, http://vise4.csail.mit.edu/p4/487.jpg,488, /tmp/faces-sep-jpg/boland/boland_left_sad_sunglasses.jpg, boland, left, sad, sunglasses, http://vise4.csail.mit.edu/p4/488.jpg
489, /tmp/faces-sep-jpg/night/night_right_neutral_open.jpg, night, right, neutral, open, http://vise4.csail.mit.edu/p4/489.jpg,490, /tmp/faces-sep-jpg/night/night_right_sad_open.jpg, night, right, sad, open, http://vise4.csail.mit.edu/p4/490.jpg,491, /tmp/faces-sep-jpg/night/night_right_angry_open.jpg, night, right, angry, open, http://vise4.csail.mit.edu/p4/491.jpg,492, /tmp/faces-sep-jpg/night/night_right_happy_open.jpg, night, right, happy, open, http://vise4.csail.mit.edu/p4/492.jpg
493, /tmp/faces-sep-jpg/choon/choon_up_neutral_open.jpg, choon, up, neutral, open, http://vise4.csail.mit.edu/p4/493.jpg,494, /tmp/faces-sep-jpg/choon/choon_up_angry_open.jpg, choon, up, angry, open, http://vise4.csail.mit.edu/p4/494.jpg,495, /tmp/faces-sep-jpg/choon/choon_up_happy_open.jpg, choon, up, happy, open, http://vise4.csail.mit.edu/p4/495.jpg,496, /tmp/faces-sep-jpg/choon/choon_up_sad_open.jpg, choon, up, sad, open, http://vise4.csail.mit.edu/p4/496.jpg
497, /tmp/faces-sep-jpg/sz24/sz24_up_sad_sunglasses.jpg, sz24, up, sad, sunglasses, http://vise4.csail.mit.edu/p4/497.jpg,498, /tmp/faces-sep-jpg/sz24/sz24_up_neutral_sunglasses.jpg, sz24, up, neutral, sunglasses, http://vise4.csail.mit.edu/p4/498.jpg,499, /tmp/faces-sep-jpg/sz24/sz24_up_happy_sunglasses.jpg, sz24, up, happy, sunglasses, http://vise4.csail.mit.edu/p4/499.jpg,500, /tmp/faces-sep-jpg/sz24/sz24_up_angry_sunglasses.jpg, sz24, up, angry, sunglasses, http://vise4.csail.mit.edu/p4/500.jpg
501, /tmp/faces-sep-jpg/karyadi/karyadi_straight_sad_sunglasses.jpg, karyadi, straight, sad, sunglasses, http://vise4.csail.mit.edu/p4/501.jpg,502, /tmp/faces-sep-jpg/karyadi/karyadi_straight_happy_sunglasses.jpg, karyadi, straight, happy, sunglasses, http://vise4.csail.mit.edu/p4/502.jpg,503, /tmp/faces-sep-jpg/karyadi/karyadi_straight_angry_sunglasses.jpg, karyadi, straight, angry, sunglasses, http://vise4.csail.mit.edu/p4/503.jpg,504, /tmp/faces-sep-jpg/karyadi/karyadi_straight_neutral_sunglasses.jpg, karyadi, straight, neutral, sunglasses, http://vise4.csail.mit.edu/p4/504.jpg
505, /tmp/faces-sep-jpg/an2i/an2i_right_happy_open.jpg, an2i, right, happy, open, http://vise4.csail.mit.edu/p4/505.jpg,506, /tmp/faces-sep-jpg/an2i/an2i_right_angry_open.jpg, an2i, right, angry, open, http://vise4.csail.mit.edu/p4/506.jpg,507, /tmp/faces-sep-jpg/an2i/an2i_right_neutral_open.jpg, an2i, right, neutral, open, http://vise4.csail.mit.edu/p4/507.jpg,508, /tmp/faces-sep-jpg/an2i/an2i_right_sad_open.jpg, an2i, right, sad, open, http://vise4.csail.mit.edu/p4/508.jpg
509, /tmp/faces-sep-jpg/kk49/kk49_straight_angry_open.jpg, kk49, straight, angry, open, http://vise4.csail.mit.edu/p4/509.jpg,510, /tmp/faces-sep-jpg/kk49/kk49_straight_happy_open.jpg, kk49, straight, happy, open, http://vise4.csail.mit.edu/p4/510.jpg,511, /tmp/faces-sep-jpg/kk49/kk49_straight_neutral_open.jpg, kk49, straight, neutral, open, http://vise4.csail.mit.edu/p4/511.jpg,512, /tmp/faces-sep-jpg/kk49/kk49_straight_sad_open.jpg, kk49, straight, sad, open, http://vise4.csail.mit.edu/p4/512.jpg
513, /tmp/faces-sep-jpg/karyadi/karyadi_right_angry_open.jpg, karyadi, right, angry, open, http://vise4.csail.mit.edu/p4/513.jpg,514, /tmp/faces-sep-jpg/karyadi/karyadi_right_neutral_open.jpg, karyadi, right, neutral, open, http://vise4.csail.mit.edu/p4/514.jpg,515, /tmp/faces-sep-jpg/karyadi/karyadi_right_sad_open.jpg, karyadi, right, sad, open, http://vise4.csail.mit.edu/p4/515.jpg,516, /tmp/faces-sep-jpg/karyadi/karyadi_right_happy_open.jpg, karyadi, right, happy, open, http://vise4.csail.mit.edu/p4/516.jpg
517, /tmp/faces-sep-jpg/boland/boland_right_angry_sunglasses.jpg, boland, right, angry, sunglasses, http://vise4.csail.mit.edu/p4/517.jpg,518, /tmp/faces-sep-jpg/boland/boland_right_happy_sunglasses.jpg, boland, right, happy, sunglasses, http://vise4.csail.mit.edu/p4/518.jpg,519, /tmp/faces-sep-jpg/boland/boland_right_neutral_sunglasses.jpg, boland, right, neutral, sunglasses, http://vise4.csail.mit.edu/p4/519.jpg,520, /tmp/faces-sep-jpg/boland/boland_right_sad_sunglasses.jpg, boland, right, sad, sunglasses, http://vise4.csail.mit.edu/p4/520.jpg
521, /tmp/faces-sep-jpg/an2i/an2i_up_sad_sunglasses.jpg, an2i, up, sad, sunglasses, http://vise4.csail.mit.edu/p4/521.jpg,522, /tmp/faces-sep-jpg/an2i/an2i_up_happy_sunglasses.jpg, an2i, up, happy, sunglasses, http://vise4.csail.mit.edu/p4/522.jpg,523, /tmp/faces-sep-jpg/an2i/an2i_up_angry_sunglasses.jpg, an2i, up, angry, sunglasses, http://vise4.csail.mit.edu/p4/523.jpg,524, /tmp/faces-sep-jpg/an2i/an2i_up_neutral_sunglasses.jpg, an2i, up, neutral, sunglasses, http://vise4.csail.mit.edu/p4/524.jpg
525, /tmp/faces-sep-jpg/choon/choon_left_neutral_open.jpg, choon, left, neutral, open, http://vise4.csail.mit.edu/p4/525.jpg,526, /tmp/faces-sep-jpg/choon/choon_left_angry_open.jpg, choon, left, angry, open, http://vise4.csail.mit.edu/p4/526.jpg,527, /tmp/faces-sep-jpg/choon/choon_left_happy_open.jpg, choon, left, happy, open, http://vise4.csail.mit.edu/p4/527.jpg,528, /tmp/faces-sep-jpg/choon/choon_left_sad_open.jpg, choon, left, sad, open, http://vise4.csail.mit.edu/p4/528.jpg
529, /tmp/faces-sep-jpg/phoebe/phoebe_straight_happy_open.jpg, phoebe, straight, happy, open, http://vise4.csail.mit.edu/p4/529.jpg,530, /tmp/faces-sep-jpg/phoebe/phoebe_straight_sad_open.jpg, phoebe, straight, sad, open, http://vise4.csail.mit.edu/p4/530.jpg,531, /tmp/faces-sep-jpg/phoebe/phoebe_straight_angry_open.jpg, phoebe, straight, angry, open, http://vise4.csail.mit.edu/p4/531.jpg,532, /tmp/faces-sep-jpg/phoebe/phoebe_straight_neutral_open.jpg, phoebe, straight, neutral, open, http://vise4.csail.mit.edu/p4/532.jpg
533, /tmp/faces-sep-jpg/danieln/danieln_left_neutral_open.jpg, danieln, left, neutral, open, http://vise4.csail.mit.edu/p4/533.jpg,534, /tmp/faces-sep-jpg/danieln/danieln_left_sad_open.jpg, danieln, left, sad, open, http://vise4.csail.mit.edu/p4/534.jpg,535, /tmp/faces-sep-jpg/danieln/danieln_left_happy_open.jpg, danieln, left, happy, open, http://vise4.csail.mit.edu/p4/535.jpg,536, /tmp/faces-sep-jpg/danieln/danieln_left_angry_open.jpg, danieln, left, angry, open, http://vise4.csail.mit.edu/p4/536.jpg
537, /tmp/faces-sep-jpg/phoebe/phoebe_straight_sad_sunglasses.jpg, phoebe, straight, sad, sunglasses, http://vise4.csail.mit.edu/p4/537.jpg,538, /tmp/faces-sep-jpg/phoebe/phoebe_straight_happy_sunglasses.jpg, phoebe, straight, happy, sunglasses, http://vise4.csail.mit.edu/p4/538.jpg,539, /tmp/faces-sep-jpg/phoebe/phoebe_straight_angry_sunglasses.jpg, phoebe, straight, angry, sunglasses, http://vise4.csail.mit.edu/p4/539.jpg,540, /tmp/faces-sep-jpg/phoebe/phoebe_straight_neutral_sunglasses.jpg, phoebe, straight, neutral, sunglasses, http://vise4.csail.mit.edu/p4/540.jpg
541, /tmp/faces-sep-jpg/bpm/bpm_up_neutral_open.jpg, bpm, up, neutral, open, http://vise4.csail.mit.edu/p4/541.jpg,542, /tmp/faces-sep-jpg/bpm/bpm_up_happy_open.jpg, bpm, up, happy, open, http://vise4.csail.mit.edu/p4/542.jpg,543, /tmp/faces-sep-jpg/bpm/bpm_up_sad_open.jpg, bpm, up, sad, open, http://vise4.csail.mit.edu/p4/543.jpg,544, /tmp/faces-sep-jpg/bpm/bpm_up_angry_open.jpg, bpm, up, angry, open, http://vise4.csail.mit.edu/p4/544.jpg
545, /tmp/faces-sep-jpg/kk49/kk49_up_sad_sunglasses.jpg, kk49, up, sad, sunglasses, http://vise4.csail.mit.edu/p4/545.jpg,546, /tmp/faces-sep-jpg/kk49/kk49_up_angry_sunglasses.jpg, kk49, up, angry, sunglasses, http://vise4.csail.mit.edu/p4/546.jpg,547, /tmp/faces-sep-jpg/kk49/kk49_up_happy_sunglasses.jpg, kk49, up, happy, sunglasses, http://vise4.csail.mit.edu/p4/547.jpg,548, /tmp/faces-sep-jpg/kk49/kk49_up_neutral_sunglasses.jpg, kk49, up, neutral, sunglasses, http://vise4.csail.mit.edu/p4/548.jpg
549, /tmp/faces-sep-jpg/mitchell/mitchell_up_angry_open.jpg, mitchell, up, angry, open, http://vise4.csail.mit.edu/p4/549.jpg,550, /tmp/faces-sep-jpg/mitchell/mitchell_up_happy_open.jpg, mitchell, up, happy, open, http://vise4.csail.mit.edu/p4/550.jpg,551, /tmp/faces-sep-jpg/mitchell/mitchell_up_neutral_open.jpg, mitchell, up, neutral, open, http://vise4.csail.mit.edu/p4/551.jpg,552, /tmp/faces-sep-jpg/mitchell/mitchell_up_sad_open.jpg, mitchell, up, sad, open, http://vise4.csail.mit.edu/p4/552.jpg
553, /tmp/faces-sep-jpg/ch4f/ch4f_up_angry_open.jpg, ch4f, up, angry, open, http://vise4.csail.mit.edu/p4/553.jpg,554, /tmp/faces-sep-jpg/ch4f/ch4f_up_happy_open.jpg, ch4f, up, happy, open, http://vise4.csail.mit.edu/p4/554.jpg,555, /tmp/faces-sep-jpg/ch4f/ch4f_up_sad_open.jpg, ch4f, up, sad, open, http://vise4.csail.mit.edu/p4/555.jpg,556, /tmp/faces-sep-jpg/ch4f/ch4f_up_neutral_open.jpg, ch4f, up, neutral, open, http://vise4.csail.mit.edu/p4/556.jpg
557, /tmp/faces-sep-jpg/at33/at33_left_neutral_sunglasses.jpg, at33, left, neutral, sunglasses, http://vise4.csail.mit.edu/p4/557.jpg,558, /tmp/faces-sep-jpg/at33/at33_left_happy_sunglasses.jpg, at33, left, happy, sunglasses, http://vise4.csail.mit.edu/p4/558.jpg,559, /tmp/faces-sep-jpg/at33/at33_left_sad_sunglasses.jpg, at33, left, sad, sunglasses, http://vise4.csail.mit.edu/p4/559.jpg,560, /tmp/faces-sep-jpg/at33/at33_left_angry_sunglasses.jpg, at33, left, angry, sunglasses, http://vise4.csail.mit.edu/p4/560.jpg
561, /tmp/faces-sep-jpg/sz24/sz24_up_happy_open.jpg, sz24, up, happy, open, http://vise4.csail.mit.edu/p4/561.jpg,562, /tmp/faces-sep-jpg/sz24/sz24_up_neutral_open.jpg, sz24, up, neutral, open, http://vise4.csail.mit.edu/p4/562.jpg,563, /tmp/faces-sep-jpg/sz24/sz24_up_angry_open.jpg, sz24, up, angry, open, http://vise4.csail.mit.edu/p4/563.jpg,564, /tmp/faces-sep-jpg/sz24/sz24_up_sad_open.jpg, sz24, up, sad, open, http://vise4.csail.mit.edu/p4/564.jpg
565, /tmp/faces-sep-jpg/saavik/saavik_up_neutral_sunglasses.jpg, saavik, up, neutral, sunglasses, http://vise4.csail.mit.edu/p4/565.jpg,566, /tmp/faces-sep-jpg/saavik/saavik_up_sad_sunglasses.jpg, saavik, up, sad, sunglasses, http://vise4.csail.mit.edu/p4/566.jpg,567, /tmp/faces-sep-jpg/saavik/saavik_up_angry_sunglasses.jpg, saavik, up, angry, sunglasses, http://vise4.csail.mit.edu/p4/567.jpg,568, /tmp/faces-sep-jpg/saavik/saavik_up_happy_sunglasses.jpg, saavik, up, happy, sunglasses, http://vise4.csail.mit.edu/p4/568.jpg
569, /tmp/faces-sep-jpg/night/night_straight_angry_sunglasses.jpg, night, straight, angry, sunglasses, http://vise4.csail.mit.edu/p4/569.jpg,570, /tmp/faces-sep-jpg/night/night_straight_happy_sunglasses.jpg, night, straight, happy, sunglasses, http://vise4.csail.mit.edu/p4/570.jpg,571, /tmp/faces-sep-jpg/night/night_straight_neutral_sunglasses.jpg, night, straight, neutral, sunglasses, http://vise4.csail.mit.edu/p4/571.jpg,572, /tmp/faces-sep-jpg/night/night_straight_sad_sunglasses.jpg, night, straight, sad, sunglasses, http://vise4.csail.mit.edu/p4/572.jpg
573, /tmp/faces-sep-jpg/kawamura/kawamura_up_neutral_sunglasses.jpg, kawamura, up, neutral, sunglasses, http://vise4.csail.mit.edu/p4/573.jpg,574, /tmp/faces-sep-jpg/kawamura/kawamura_up_angry_sunglasses.jpg, kawamura, up, angry, sunglasses, http://vise4.csail.mit.edu/p4/574.jpg,575, /tmp/faces-sep-jpg/kawamura/kawamura_up_sad_sunglasses.jpg, kawamura, up, sad, sunglasses, http://vise4.csail.mit.edu/p4/575.jpg,576, /tmp/faces-sep-jpg/kawamura/kawamura_up_happy_sunglasses.jpg, kawamura, up, happy, sunglasses, http://vise4.csail.mit.edu/p4/576.jpg
577, /tmp/faces-sep-jpg/steffi/steffi_straight_neutral_sunglasses.jpg, steffi, straight, neutral, sunglasses, http://vise4.csail.mit.edu/p4/577.jpg,578, /tmp/faces-sep-jpg/steffi/steffi_straight_happy_sunglasses.jpg, steffi, straight, happy, sunglasses, http://vise4.csail.mit.edu/p4/578.jpg,579, /tmp/faces-sep-jpg/steffi/steffi_straight_angry_sunglasses.jpg, steffi, straight, angry, sunglasses, http://vise4.csail.mit.edu/p4/579.jpg,580, /tmp/faces-sep-jpg/steffi/steffi_straight_sad_sunglasses.jpg, steffi, straight, sad, sunglasses, http://vise4.csail.mit.edu/p4/580.jpg
581, /tmp/faces-sep-jpg/at33/at33_right_angry_sunglasses.jpg, at33, right, angry, sunglasses, http://vise4.csail.mit.edu/p4/581.jpg,582, /tmp/faces-sep-jpg/at33/at33_right_neutral_sunglasses.jpg, at33, right, neutral, sunglasses, http://vise4.csail.mit.edu/p4/582.jpg,583, /tmp/faces-sep-jpg/at33/at33_right_sad_sunglasses.jpg, at33, right, sad, sunglasses, http://vise4.csail.mit.edu/p4/583.jpg,584, /tmp/faces-sep-jpg/at33/at33_right_happy_sunglasses.jpg, at33, right, happy, sunglasses, http://vise4.csail.mit.edu/p4/584.jpg
